[93m[1m! [0m agent "arch-inspector" is a subagent, not a primary agent. Falling back to default agent
[0m
> build · stealth/ox-alpha
[0m
[0m→ [0mSkill "ultraplan-architecture-gauntlet"
[0m→ [0mRead .agents/skills/ultraplan-architecture-gauntlet/references/finding-contract.md
[0m→ [0mRead .agents/skills/ultraplan-architecture-gauntlet/references/review-lenses.md
[0m
[0m$ [0mfind /home/antonioborgerees/coding/ultraplan/gauntlet-run/ultraplan-go -type f -name "*.go" | sort
/home/antonioborgerees/coding/ultraplan/gauntlet-run/ultraplan-go/cmd/ultraplan/main.go
/home/antonioborgerees/coding/ultraplan/gauntlet-run/ultraplan-go/internal/app/app.go
/home/antonioborgerees/coding/ultraplan/gauntlet-run/ultraplan-go/internal/app/app_test.go
/home/antonioborgerees/coding/ultraplan/gauntlet-run/ultraplan-go/internal/app/code_commands.go
/home/antonioborgerees/coding/ultraplan/gauntlet-run/ultraplan-go/internal/app/code_commands_test.go
/home/antonioborgerees/coding/ultraplan/gauntlet-run/ultraplan-go/internal/app/config_commands.go
/home/antonioborgerees/coding/ultraplan/gauntlet-run/ultraplan-go/internal/app/defaults_commands.go
/home/antonioborgerees/coding/ultraplan/gauntlet-run/ultraplan-go/internal/app/durable_operations.go
/home/antonioborgerees/coding/ultraplan/gauntlet-run/ultraplan-go/internal/app/durable_operations_test.go
/home/antonioborgerees/coding/ultraplan/gauntlet-run/ultraplan-go/internal/app/health_commands.go
/home/antonioborgerees/coding/ultraplan/gauntlet-run/ultraplan-go/internal/app/health_commands_test.go
/home/antonioborgerees/coding/ultraplan/gauntlet-run/ultraplan-go/internal/app/json_output.go
/home/antonioborgerees/coding/ultraplan/gauntlet-run/ultraplan-go/internal/app/markdown.go
/home/antonioborgerees/coding/ultraplan/gauntlet-run/ultraplan-go/internal/app/markdown_test.go
/home/antonioborgerees/coding/ultraplan/gauntlet-run/ultraplan-go/internal/app/operation_runner.go
/home/antonioborgerees/coding/ultraplan/gauntlet-run/ultraplan-go/internal/app/operations.go
/home/antonioborgerees/coding/ultraplan/gauntlet-run/ultraplan-go/internal/app/project_commands.go
/home/antonioborgerees/coding/ultraplan/gauntlet-run/ultraplan-go/internal/app/project_commands_test.go
/home/antonioborgerees/coding/ultraplan/gauntlet-run/ultraplan-go/internal/app/project_usecases.go
/home/antonioborgerees/coding/ultraplan/gauntlet-run/ultraplan-go/internal/app/run_commands.go
/home/antonioborgerees/coding/ultraplan/gauntlet-run/ultraplan-go/internal/app/run_commands_test.go
/home/antonioborgerees/coding/ultraplan/gauntlet-run/ultraplan-go/internal/app/run_control.go
/home/antonioborgerees/coding/ultraplan/gauntlet-run/ultraplan-go/internal/app/run_control_inventory_test.go
/home/antonioborgerees/coding/ultraplan/gauntlet-run/ultraplan-go/internal/app/run_control_test.go
/home/antonioborgerees/coding/ultraplan/gauntlet-run/ultraplan-go/internal/app/run_usecases.go
/home/antonioborgerees/coding/ultraplan/gauntlet-run/ultraplan-go/internal/app/serve_commands.go
/home/antonioborgerees/coding/ultraplan/gauntlet-run/ultraplan-go/internal/app/serve_commands_test.go
/home/antonioborgerees/coding/ultraplan/gauntlet-run/ultraplan-go/internal/app/skills_commands.go
/home/antonioborgerees/coding/ultraplan/gauntlet-run/ultraplan-go/internal/app/skills_commands_test.go
/home/antonioborgerees/coding/ultraplan/gauntlet-run/ultraplan-go/internal/app/sprint_commands.go
/home/antonioborgerees/coding/ultraplan/gauntlet-run/ultraplan-go/internal/app/sprint_commands_test.go
/home/antonioborgerees/coding/ultraplan/gauntlet-run/ultraplan-go/internal/app/sprint_error_test.go
/home/antonioborgerees/coding/ultraplan/gauntlet-run/ultraplan-go/internal/app/sprint_usecases.go
/home/antonioborgerees/coding/ultraplan/gauntlet-run/ultraplan-go/internal/app/sprint_usecases_test.go
/home/antonioborgerees/coding/ultraplan/gauntlet-run/ultraplan-go/internal/app/sprint_verify_commands_test.go
/home/antonioborgerees/coding/ultraplan/gauntlet-run/ultraplan-go/internal/app/status_json.go
/home/antonioborgerees/coding/ultraplan/gauntlet-run/ultraplan-go/internal/app/storage_commands.go
/home/antonioborgerees/coding/ultraplan/gauntlet-run/ultraplan-go/internal/app/study_commands.go
/home/antonioborgerees/coding/ultraplan/gauntlet-run/ultraplan-go/internal/app/study_commands_test.go
/home/antonioborgerees/coding/ultraplan/gauntlet-run/ultraplan-go/internal/app/study_init_commands_test.go
/home/antonioborgerees/coding/ultraplan/gauntlet-run/ultraplan-go/internal/app/study_prompt_commands_test.go
/home/antonioborgerees/coding/ultraplan/gauntlet-run/ultraplan-go/internal/app/study_run_all_commands_test.go
/home/antonioborgerees/coding/ultraplan/gauntlet-run/ultraplan-go/internal/app/study_run_commands_test.go
/home/antonioborgerees/coding/ultraplan/gauntlet-run/ultraplan-go/internal/app/study_run_loop_commands_test.go
/home/antonioborgerees/coding/ultraplan/gauntlet-run/ultraplan-go/internal/app/study_runs_commands.go
/home/antonioborgerees/coding/ultraplan/gauntlet-run/ultraplan-go/internal/app/study_runs_commands_test.go
/home/antonioborgerees/coding/ultraplan/gauntlet-run/ultraplan-go/internal/app/study_status_commands_test.go
/home/antonioborgerees/coding/ultraplan/gauntlet-run/ultraplan-go/internal/app/study_summary_commands_test.go
/home/antonioborgerees/coding/ultraplan/gauntlet-run/ultraplan-go/internal/app/study_usecases.go
/home/antonioborgerees/coding/ultraplan/gauntlet-run/ultraplan-go/internal/app/study_validate_commands_test.go
/home/antonioborgerees/coding/ultraplan/gauntlet-run/ultraplan-go/internal/app/surfaces.go
/home/antonioborgerees/coding/ultraplan/gauntlet-run/ultraplan-go/internal/app/tui_commands.go
/home/antonioborgerees/coding/ultraplan/gauntlet-run/ultraplan-go/internal/app/tui_commands_test.go
/home/antonioborgerees/coding/ultraplan/gauntlet-run/ultraplan-go/internal/app/usecases.go
/home/antonioborgerees/coding/ultraplan/gauntlet-run/ultraplan-go/internal/app/usecases_test.go
/home/antonioborgerees/coding/ultraplan/gauntlet-run/ultraplan-go/internal/app/version.go
/home/antonioborgerees/coding/ultraplan/gauntlet-run/ultraplan-go/internal/app/web_operations_test.go
/home/antonioborgerees/coding/ultraplan/gauntlet-run/ultraplan-go/internal/app/web_usecases.go
/home/antonioborgerees/coding/ultraplan/gauntlet-run/ultraplan-go/internal/app/web_usecases_test.go
/home/antonioborgerees/coding/ultraplan/gauntlet-run/ultraplan-go/internal/app/workspace_commands.go
/home/antonioborgerees/coding/ultraplan/gauntlet-run/ultraplan-go/internal/codeextract/codeextract_test.go
/home/antonioborgerees/coding/ultraplan/gauntlet-run/ultraplan-go/internal/codeextract/doc.go
/home/antonioborgerees/coding/ultraplan/gauntlet-run/ultraplan-go/internal/codeextract/domain.go
/home/antonioborgerees/coding/ultraplan/gauntlet-run/ultraplan-go/internal/codeextract/parser.go
/home/antonioborgerees/coding/ultraplan/gauntlet-run/ultraplan-go/internal/codeextract/resolver.go
/home/antonioborgerees/coding/ultraplan/gauntlet-run/ultraplan-go/internal/codeextract/service.go
/home/antonioborgerees/coding/ultraplan/gauntlet-run/ultraplan-go/internal/platform/config/config.go
/home/antonioborgerees/coding/ultraplan/gauntlet-run/ultraplan-go/internal/platform/config/config_test.go
/home/antonioborgerees/coding/ultraplan/gauntlet-run/ultraplan-go/internal/platform/config/doc.go
/home/antonioborgerees/coding/ultraplan/gauntlet-run/ultraplan-go/internal/platform/config/redaction.go
/home/antonioborgerees/coding/ultraplan/gauntlet-run/ultraplan-go/internal/platform/filesystem/doc.go
/home/antonioborgerees/coding/ultraplan/gauntlet-run/ultraplan-go/internal/platform/logging/doc.go
/home/antonioborgerees/coding/ultraplan/gauntlet-run/ultraplan-go/internal/platform/logging/logging.go
/home/antonioborgerees/coding/ultraplan/gauntlet-run/ultraplan-go/internal/platform/logging/logging_test.go
/home/antonioborgerees/coding/ultraplan/gauntlet-run/ultraplan-go/internal/platform/process/process.go
/home/antonioborgerees/coding/ultraplan/gauntlet-run/ultraplan-go/internal/platform/process/process_other.go
/home/antonioborgerees/coding/ultraplan/gauntlet-run/ultraplan-go/internal/platform/process/process_test.go
/home/antonioborgerees/coding/ultraplan/gauntlet-run/ultraplan-go/internal/platform/process/process_unix.go
/home/antonioborgerees/coding/ultraplan/gauntlet-run/ultraplan-go/internal/platform/runtime/agentwrap.go
/home/antonioborgerees/coding/ultraplan/gauntlet-run/ultraplan-go/internal/platform/runtime/cache_test.go
/home/antonioborgerees/coding/ultraplan/gauntlet-run/ultraplan-go/internal/platform/runtime/events.go
/home/antonioborgerees/coding/ultraplan/gauntlet-run/ultraplan-go/internal/platform/runtime/health.go
/home/antonioborgerees/coding/ultraplan/gauntlet-run/ultraplan-go/internal/platform/runtime/opencode.go
/home/antonioborgerees/coding/ultraplan/gauntlet-run/ultraplan-go/internal/platform/runtime/opencode_test.go
/home/antonioborgerees/coding/ultraplan/gauntlet-run/ultraplan-go/internal/platform/runtime/policy.go
/home/antonioborgerees/coding/ultraplan/gauntlet-run/ultraplan-go/internal/platform/runtime/runtime.go
/home/antonioborgerees/coding/ultraplan/gauntlet-run/ultraplan-go/internal/platform/runtime/runtime_test.go
/home/antonioborgerees/coding/ultraplan/gauntlet-run/ultraplan-go/internal/productstate/store.go
/home/antonioborgerees/coding/ultraplan/gauntlet-run/ultraplan-go/internal/project/discovery.go
/home/antonioborgerees/coding/ultraplan/gauntlet-run/ultraplan-go/internal/project/doc.go
/home/antonioborgerees/coding/ultraplan/gauntlet-run/ultraplan-go/internal/project/domain.go
/home/antonioborgerees/coding/ultraplan/gauntlet-run/ultraplan-go/internal/project/index.go
/home/antonioborgerees/coding/ultraplan/gauntlet-run/ultraplan-go/internal/project/project_test.go
/home/antonioborgerees/coding/ultraplan/gauntlet-run/ultraplan-go/internal/project/reasoning_defaults.go
/home/antonioborgerees/coding/ultraplan/gauntlet-run/ultraplan-go/internal/project/reasoning_defaults_test.go
/home/antonioborgerees/coding/ultraplan/gauntlet-run/ultraplan-go/internal/project/service.go
/home/antonioborgerees/coding/ultraplan/gauntlet-run/ultraplan-go/internal/project/store_fs.go
/home/antonioborgerees/coding/ultraplan/gauntlet-run/ultraplan-go/internal/project/validation.go
/home/antonioborgerees/coding/ultraplan/gauntlet-run/ultraplan-go/internal/runcontrol/benchmark_test.go
/home/antonioborgerees/coding/ultraplan/gauntlet-run/ultraplan-go/internal/runcontrol/doc.go
/home/antonioborgerees/coding/ultraplan/gauntlet-run/ultraplan-go/internal/runcontrol/errors.go
/home/antonioborgerees/coding/ultraplan/gauntlet-run/ultraplan-go/internal/runcontrol/fault_test.go
/home/antonioborgerees/coding/ultraplan/gauntlet-run/ultraplan-go/internal/runcontrol/id.go
/home/antonioborgerees/coding/ultraplan/gauntlet-run/ultraplan-go/internal/runcontrol/id_test.go
/home/antonioborgerees/coding/ultraplan/gauntlet-run/ultraplan-go/internal/runcontrol/import_boundary_test.go
/home/antonioborgerees/coding/ultraplan/gauntlet-run/ultraplan-go/internal/runcontrol/interfaces.go
/home/antonioborgerees/coding/ultraplan/gauntlet-run/ultraplan-go/internal/runcontrol/lifecycle.go
/home/antonioborgerees/coding/ultraplan/gauntlet-run/ultraplan-go/internal/runcontrol/lifecycle_test.go
/home/antonioborgerees/coding/ultraplan/gauntlet-run/ultraplan-go/internal/runcontrol/local_log.go
/home/antonioborgerees/coding/ultraplan/gauntlet-run/ultraplan-go/internal/runcontrol/local_log_test.go
/home/antonioborgerees/coding/ultraplan/gauntlet-run/ultraplan-go/internal/runcontrol/metrics.go
/home/antonioborgerees/coding/ultraplan/gauntlet-run/ultraplan-go/internal/runcontrol/migration.go
/home/antonioborgerees/coding/ultraplan/gauntlet-run/ultraplan-go/internal/runcontrol/migration_test.go
/home/antonioborgerees/coding/ultraplan/gauntlet-run/ultraplan-go/internal/runcontrol/model.go
/home/antonioborgerees/coding/ultraplan/gauntlet-run/ultraplan-go/internal/runcontrol/model_test.go
/home/antonioborgerees/coding/ultraplan/gauntlet-run/ultraplan-go/internal/runcontrol/process_darwin.go
/home/antonioborgerees/coding/ultraplan/gauntlet-run/ultraplan-go/internal/runcontrol/process.go
/home/antonioborgerees/coding/ultraplan/gauntlet-run/ultraplan-go/internal/runcontrol/process_integration_test.go
/home/antonioborgerees/coding/ultraplan/gauntlet-run/ultraplan-go/internal/runcontrol/process_linux.go
/home/antonioborgerees/coding/ultraplan/gauntlet-run/ultraplan-go/internal/runcontrol/process_other.go
/home/antonioborgerees/coding/ultraplan/gauntlet-run/ultraplan-go/internal/runcontrol/retention.go
/home/antonioborgerees/coding/ultraplan/gauntlet-run/ultraplan-go/internal/runcontrol/retention_test.go
/home/antonioborgerees/coding/ultraplan/gauntlet-run/ultraplan-go/internal/runcontrol/sanitize.go
/home/antonioborgerees/coding/ultraplan/gauntlet-run/ultraplan-go/internal/runcontrol/sanitize_test.go
/home/antonioborgerees/coding/ultraplan/gauntlet-run/ultraplan-go/internal/runcontrol/sqlite.go
/home/antonioborgerees/coding/ultraplan/gauntlet-run/ultraplan-go/internal/runcontrol/sqlite_test.go
/home/antonioborgerees/coding/ultraplan/gauntlet-run/ultraplan-go/internal/sprint/artifacts.go
/home/antonioborgerees/coding/ultraplan/gauntlet-run/ultraplan-go/internal/sprint/cleanup_uncertain.go
/home/antonioborgerees/coding/ultraplan/gauntlet-run/ultraplan-go/internal/sprint/cleanup_uncertain_test.go
/home/antonioborgerees/coding/ultraplan/gauntlet-run/ultraplan-go/internal/sprint/code_context.go
/home/antonioborgerees/coding/ultraplan/gauntlet-run/ultraplan-go/internal/sprint/code_context_test.go
/home/antonioborgerees/coding/ultraplan/gauntlet-run/ultraplan-go/internal/sprint/context_pack.go
/home/antonioborgerees/coding/ultraplan/gauntlet-run/ultraplan-go/internal/sprint/direct_inputs.go
/home/antonioborgerees/coding/ultraplan/gauntlet-run/ultraplan-go/internal/sprint/direct_inputs_test.go
/home/antonioborgerees/coding/ultraplan/gauntlet-run/ultraplan-go/internal/sprint/discovery.go
/home/antonioborgerees/coding/ultraplan/gauntlet-run/ultraplan-go/internal/sprint/doc.go
/home/antonioborgerees/coding/ultraplan/gauntlet-run/ultraplan-go/internal/sprint/domain.go
/home/antonioborgerees/coding/ultraplan/gauntlet-run/ultraplan-go/internal/sprint/efficiency_improvements_test.go
/home/antonioborgerees/coding/ultraplan/gauntlet-run/ultraplan-go/internal/sprint/efficiency_metrics_test.go
/home/antonioborgerees/coding/ultraplan/gauntlet-run/ultraplan-go/internal/sprint/execute.go
/home/antonioborgerees/coding/ultraplan/gauntlet-run/ultraplan-go/internal/sprint/execute_model.go
/home/antonioborgerees/coding/ultraplan/gauntlet-run/ultraplan-go/internal/sprint/execute_model_test.go
/home/antonioborgerees/coding/ultraplan/gauntlet-run/ultraplan-go/internal/sprint/execute_plan.go
/home/antonioborgerees/coding/ultraplan/gauntlet-run/ultraplan-go/internal/sprint/execute_plan_test.go
/home/antonioborgerees/coding/ultraplan/gauntlet-run/ultraplan-go/internal/sprint/execute_state.go
/home/antonioborgerees/coding/ultraplan/gauntlet-run/ultraplan-go/internal/sprint/execute_state_test.go
/home/antonioborgerees/coding/ultraplan/gauntlet-run/ultraplan-go/internal/sprint/execute_target.go
/home/antonioborgerees/coding/ultraplan/gauntlet-run/ultraplan-go/internal/sprint/execute_target_test.go
/home/antonioborgerees/coding/ultraplan/gauntlet-run/ultraplan-go/internal/sprint/flow.go
/home/antonioborgerees/coding/ultraplan/gauntlet-run/ultraplan-go/internal/sprint/freshness_policy.go
/home/antonioborgerees/coding/ultraplan/gauntlet-run/ultraplan-go/internal/sprint/handbook.go
/home/antonioborgerees/coding/ultraplan/gauntlet-run/ultraplan-go/internal/sprint/handbook_test.go
/home/antonioborgerees/coding/ultraplan/gauntlet-run/ultraplan-go/internal/sprint/index.go
/home/antonioborgerees/coding/ultraplan/gauntlet-run/ultraplan-go/internal/sprint/input_contract.go
/home/antonioborgerees/coding/ultraplan/gauntlet-run/ultraplan-go/internal/sprint/locks.go
/home/antonioborgerees/coding/ultraplan/gauntlet-run/ultraplan-go/internal/sprint/locks_test.go
/home/antonioborgerees/coding/ultraplan/gauntlet-run/ultraplan-go/internal/sprint/plan.go
/home/antonioborgerees/coding/ultraplan/gauntlet-run/ultraplan-go/internal/sprint/plan_test.go
/home/antonioborgerees/coding/ultraplan/gauntlet-run/ultraplan-go/internal/sprint/prompt_bundle.go
/home/antonioborgerees/coding/ultraplan/gauntlet-run/ultraplan-go/internal/sprint/prompt_context.go
/home/antonioborgerees/coding/ultraplan/gauntlet-run/ultraplan-go/internal/sprint/prompt_context_test.go
/home/antonioborgerees/coding/ultraplan/gauntlet-run/ultraplan-go/internal/sprint/prompts.go
/home/antonioborgerees/coding/ultraplan/gauntlet-run/ultraplan-go/internal/sprint/reasoning.go
/home/antonioborgerees/coding/ultraplan/gauntlet-run/ultraplan-go/internal/sprint/reasoning_test.go
/home/antonioborgerees/coding/ultraplan/gauntlet-run/ultraplan-go/internal/sprint/review.go
/home/antonioborgerees/coding/ultraplan/gauntlet-run/ultraplan-go/internal/sprint/review_runtime_validation.go
/home/antonioborgerees/coding/ultraplan/gauntlet-run/ultraplan-go/internal/sprint/review_test.go
/home/antonioborgerees/coding/ultraplan/gauntlet-run/ultraplan-go/internal/sprint/runtime_metrics.go
/home/antonioborgerees/coding/ultraplan/gauntlet-run/ultraplan-go/internal/sprint/runtime_progress_test.go
/home/antonioborgerees/coding/ultraplan/gauntlet-run/ultraplan-go/internal/sprint/runtime_validation.go
/home/antonioborgerees/coding/ultraplan/gauntlet-run/ultraplan-go/internal/sprint/service.go
/home/antonioborgerees/coding/ultraplan/gauntlet-run/ultraplan-go/internal/sprint/session_state.go
/home/antonioborgerees/coding/ultraplan/gauntlet-run/ultraplan-go/internal/sprint/session_state_test.go
/home/antonioborgerees/coding/ultraplan/gauntlet-run/ultraplan-go/internal/sprint/smoke_author.go
/home/antonioborgerees/coding/ultraplan/gauntlet-run/ultraplan-go/internal/sprint/smoke.go
/home/antonioborgerees/coding/ultraplan/gauntlet-run/ultraplan-go/internal/sprint/smoke_protocol.go
/home/antonioborgerees/coding/ultraplan/gauntlet-run/ultraplan-go/internal/sprint/smoke_test.go
/home/antonioborgerees/coding/ultraplan/gauntlet-run/ultraplan-go/internal/sprint/smoke_types.go
/home/antonioborgerees/coding/ultraplan/gauntlet-run/ultraplan-go/internal/sprint/sprint_index_test.go
/home/antonioborgerees/coding/ultraplan/gauntlet-run/ultraplan-go/internal/sprint/sprint_test.go
/home/antonioborgerees/coding/ultraplan/gauntlet-run/ultraplan-go/internal/sprint/state_database.go
/home/antonioborgerees/coding/ultraplan/gauntlet-run/ultraplan-go/internal/sprint/state.go
/home/antonioborgerees/coding/ultraplan/gauntlet-run/ultraplan-go/internal/sprint/store_fs.go
/home/antonioborgerees/coding/ultraplan/gauntlet-run/ultraplan-go/internal/sprint/validation.go
/home/antonioborgerees/coding/ultraplan/gauntlet-run/ultraplan-go/internal/sprint/verification_lock.go
/home/antonioborgerees/coding/ultraplan/gauntlet-run/ultraplan-go/internal/sprint/verification_lock_test.go
/home/antonioborgerees/coding/ultraplan/gauntlet-run/ultraplan-go/internal/sprint/verify.go
/home/antonioborgerees/coding/ultraplan/gauntlet-run/ultraplan-go/internal/sprint/verify_test.go
/home/antonioborgerees/coding/ultraplan/gauntlet-run/ultraplan-go/internal/study/applicability.go
/home/antonioborgerees/coding/ultraplan/gauntlet-run/ultraplan-go/internal/study/cleanup_uncertain.go
/home/antonioborgerees/coding/ultraplan/gauntlet-run/ultraplan-go/internal/study/cleanup_uncertain_test.go
/home/antonioborgerees/coding/ultraplan/gauntlet-run/ultraplan-go/internal/study/config.go
/home/antonioborgerees/coding/ultraplan/gauntlet-run/ultraplan-go/internal/study/config_test.go
/home/antonioborgerees/coding/ultraplan/gauntlet-run/ultraplan-go/internal/study/dimension_refs.go
/home/antonioborgerees/coding/ultraplan/gauntlet-run/ultraplan-go/internal/study/discovery.go
/home/antonioborgerees/coding/ultraplan/gauntlet-run/ultraplan-go/internal/study/doc.go
/home/antonioborgerees/coding/ultraplan/gauntlet-run/ultraplan-go/internal/study/domain.go
/home/antonioborgerees/coding/ultraplan/gauntlet-run/ultraplan-go/internal/study/durable_metadata.go
/home/antonioborgerees/coding/ultraplan/gauntlet-run/ultraplan-go/internal/study/edit_warnings.go
/home/antonioborgerees/coding/ultraplan/gauntlet-run/ultraplan-go/internal/study/execution_domain.go
/home/antonioborgerees/coding/ultraplan/gauntlet-run/ultraplan-go/internal/study/init_clone.go
/home/antonioborgerees/coding/ultraplan/gauntlet-run/ultraplan-go/internal/study/init.go
/home/antonioborgerees/coding/ultraplan/gauntlet-run/ultraplan-go/internal/study/init_render.go
/home/antonioborgerees/coding/ultraplan/gauntlet-run/ultraplan-go/internal/study/init_test.go
/home/antonioborgerees/coding/ultraplan/gauntlet-run/ultraplan-go/internal/study/init_yaml.go
/home/antonioborgerees/coding/ultraplan/gauntlet-run/ultraplan-go/internal/study/locks.go
/home/antonioborgerees/coding/ultraplan/gauntlet-run/ultraplan-go/internal/study/locks_test.go
/home/antonioborgerees/coding/ultraplan/gauntlet-run/ultraplan-go/internal/study/markdown.go
/home/antonioborgerees/coding/ultraplan/gauntlet-run/ultraplan-go/internal/study/memory_pressure.go
/home/antonioborgerees/coding/ultraplan/gauntlet-run/ultraplan-go/internal/study/metadata_domain.go
/home/antonioborgerees/coding/ultraplan/gauntlet-run/ultraplan-go/internal/study/prompts.go
/home/antonioborgerees/coding/ultraplan/gauntlet-run/ultraplan-go/internal/study/prompts_test.go
/home/antonioborgerees/coding/ultraplan/gauntlet-run/ultraplan-go/internal/study/rating.go
/home/antonioborgerees/coding/ultraplan/gauntlet-run/ultraplan-go/internal/study/rating_test.go
/home/antonioborgerees/coding/ultraplan/gauntlet-run/ultraplan-go/internal/study/reports.go
/home/antonioborgerees/coding/ultraplan/gauntlet-run/ultraplan-go/internal/study/resolve.go
/home/antonioborgerees/coding/ultraplan/gauntlet-run/ultraplan-go/internal/study/run_all.go
/home/antonioborgerees/coding/ultraplan/gauntlet-run/ultraplan-go/internal/study/run_all_test.go
/home/antonioborgerees/coding/ultraplan/gauntlet-run/ultraplan-go/internal/study/run.go
/home/antonioborgerees/coding/ultraplan/gauntlet-run/ultraplan-go/internal/study/run_history.go
/home/antonioborgerees/coding/ultraplan/gauntlet-run/ultraplan-go/internal/study/run_history_summary.go
/home/antonioborgerees/coding/ultraplan/gauntlet-run/ultraplan-go/internal/study/run_history_test.go
/home/antonioborgerees/coding/ultraplan/gauntlet-run/ultraplan-go/internal/study/run_loop_diagnostics.go
/home/antonioborgerees/coding/ultraplan/gauntlet-run/ultraplan-go/internal/study/run_loop_diagnostics_test.go
/home/antonioborgerees/coding/ultraplan/gauntlet-run/ultraplan-go/internal/study/run_loop.go
/home/antonioborgerees/coding/ultraplan/gauntlet-run/ultraplan-go/internal/study/run_loop_test.go
/home/antonioborgerees/coding/ultraplan/gauntlet-run/ultraplan-go/internal/study/run_state_domain.go
/home/antonioborgerees/coding/ultraplan/gauntlet-run/ultraplan-go/internal/study/run_state.go
/home/antonioborgerees/coding/ultraplan/gauntlet-run/ultraplan-go/internal/study/run_test.go
/home/antonioborgerees/coding/ultraplan/gauntlet-run/ultraplan-go/internal/study/runtime_metadata.go
/home/antonioborgerees/coding/ultraplan/gauntlet-run/ultraplan-go/internal/study/runtime_metadata_test.go
/home/antonioborgerees/coding/ultraplan/gauntlet-run/ultraplan-go/internal/study/runtime_validation.go
/home/antonioborgerees/coding/ultraplan/gauntlet-run/ultraplan-go/internal/study/service.go
/home/antonioborgerees/coding/ultraplan/gauntlet-run/ultraplan-go/internal/study/state_database.go
/home/antonioborgerees/coding/ultraplan/gauntlet-run/ultraplan-go/internal/study/state.go
/home/antonioborgerees/coding/ultraplan/gauntlet-run/ultraplan-go/internal/study/state_test.go
/home/antonioborgerees/coding/ultraplan/gauntlet-run/ultraplan-go/internal/study/study_test.go
/home/antonioborgerees/coding/ultraplan/gauntlet-run/ultraplan-go/internal/study/summary.go
/home/antonioborgerees/coding/ultraplan/gauntlet-run/ultraplan-go/internal/study/summary_test.go
/home/antonioborgerees/coding/ultraplan/gauntlet-run/ultraplan-go/internal/study/synthesize.go
/home/antonioborgerees/coding/ultraplan/gauntlet-run/ultraplan-go/internal/study/validation_command.go
/home/antonioborgerees/coding/ultraplan/gauntlet-run/ultraplan-go/internal/study/validation_command_test.go
/home/antonioborgerees/coding/ultraplan/gauntlet-run/ultraplan-go/internal/study/validation.go
/home/antonioborgerees/coding/ultraplan/gauntlet-run/ultraplan-go/internal/study/validation_test.go
/home/antonioborgerees/coding/ultraplan/gauntlet-run/ultraplan-go/internal/tui/app.go
/home/antonioborgerees/coding/ultraplan/gauntlet-run/ultraplan-go/internal/tui/doc.go
/home/antonioborgerees/coding/ultraplan/gauntlet-run/ultraplan-go/internal/tui/keys.go
/home/antonioborgerees/coding/ultraplan/gauntlet-run/ultraplan-go/internal/tui/markdown.go
/home/antonioborgerees/coding/ultraplan/gauntlet-run/ultraplan-go/internal/tui/model.go
/home/antonioborgerees/coding/ultraplan/gauntlet-run/ultraplan-go/internal/tui/model_test.go
/home/antonioborgerees/coding/ultraplan/gauntlet-run/ultraplan-go/internal/tui/run_view_test.go
/home/antonioborgerees/coding/ultraplan/gauntlet-run/ultraplan-go/internal/tui/test_fakes_test.go
/home/antonioborgerees/coding/ultraplan/gauntlet-run/ultraplan-go/internal/tui/theme.go
/home/antonioborgerees/coding/ultraplan/gauntlet-run/ultraplan-go/internal/tui/verify_test.go
/home/antonioborgerees/coding/ultraplan/gauntlet-run/ultraplan-go/internal/tui/viewport.go
/home/antonioborgerees/coding/ultraplan/gauntlet-run/ultraplan-go/internal/tui/viewport_test.go
/home/antonioborgerees/coding/ultraplan/gauntlet-run/ultraplan-go/internal/tui/views.go
/home/antonioborgerees/coding/ultraplan/gauntlet-run/ultraplan-go/internal/tui/views_test.go
/home/antonioborgerees/coding/ultraplan/gauntlet-run/ultraplan-go/internal/web/api_compatibility_test.go
/home/antonioborgerees/coding/ultraplan/gauntlet-run/ultraplan-go/internal/web/artifacts.go
/home/antonioborgerees/coding/ultraplan/gauntlet-run/ultraplan-go/internal/web/artifacts_test.go
/home/antonioborgerees/coding/ultraplan/gauntlet-run/ultraplan-go/internal/web/handlers.go
/home/antonioborgerees/coding/ultraplan/gauntlet-run/ultraplan-go/internal/web/import_boundary_test.go
/home/antonioborgerees/coding/ultraplan/gauntlet-run/ultraplan-go/internal/web/integration_test.go
/home/antonioborgerees/coding/ultraplan/gauntlet-run/ultraplan-go/internal/web/operation_handlers.go
/home/antonioborgerees/coding/ultraplan/gauntlet-run/ultraplan-go/internal/web/operations_contract_test.go
/home/antonioborgerees/coding/ultraplan/gauntlet-run/ultraplan-go/internal/web/operations.go
/home/antonioborgerees/coding/ultraplan/gauntlet-run/ultraplan-go/internal/web/operations_test.go
/home/antonioborgerees/coding/ultraplan/gauntlet-run/ultraplan-go/internal/web/packaging_test.go
/home/antonioborgerees/coding/ultraplan/gauntlet-run/ultraplan-go/internal/web/routes.go
/home/antonioborgerees/coding/ultraplan/gauntlet-run/ultraplan-go/internal/web/routes_test.go
/home/antonioborgerees/coding/ultraplan/gauntlet-run/ultraplan-go/internal/web/run_handlers.go
/home/antonioborgerees/coding/ultraplan/gauntlet-run/ultraplan-go/internal/web/run_handlers_test.go
/home/antonioborgerees/coding/ultraplan/gauntlet-run/ultraplan-go/internal/web/security.go
/home/antonioborgerees/coding/ultraplan/gauntlet-run/ultraplan-go/internal/web/security_test.go
/home/antonioborgerees/coding/ultraplan/gauntlet-run/ultraplan-go/internal/web/server.go
/home/antonioborgerees/coding/ultraplan/gauntlet-run/ultraplan-go/internal/web/server_policy.go
/home/antonioborgerees/coding/ultraplan/gauntlet-run/ultraplan-go/internal/web/server_policy_test.go
/home/antonioborgerees/coding/ultraplan/gauntlet-run/ultraplan-go/internal/web/server_test.go
/home/antonioborgerees/coding/ultraplan/gauntlet-run/ultraplan-go/internal/web/sse_test.go
/home/antonioborgerees/coding/ultraplan/gauntlet-run/ultraplan-go/internal/web/templates_test.go
/home/antonioborgerees/coding/ultraplan/gauntlet-run/ultraplan-go/internal/web/test_fakes_test.go
/home/antonioborgerees/coding/ultraplan/gauntlet-run/ultraplan-go/internal/workspace/defaults.go
/home/antonioborgerees/coding/ultraplan/gauntlet-run/ultraplan-go/internal/workspace/discovery.go
/home/antonioborgerees/coding/ultraplan/gauntlet-run/ultraplan-go/internal/workspace/doc.go
/home/antonioborgerees/coding/ultraplan/gauntlet-run/ultraplan-go/internal/workspace/init.go
/home/antonioborgerees/coding/ultraplan/gauntlet-run/ultraplan-go/internal/workspace/paths.go
/home/antonioborgerees/coding/ultraplan/gauntlet-run/ultraplan-go/internal/workspace/skills.go
/home/antonioborgerees/coding/ultraplan/gauntlet-run/ultraplan-go/internal/workspace/skills_test.go
/home/antonioborgerees/coding/ultraplan/gauntlet-run/ultraplan-go/internal/workspace/validation.go
/home/antonioborgerees/coding/ultraplan/gauntlet-run/ultraplan-go/internal/workspace/workspace_test.go
[0m
[0m$ [0mls -la /home/antonioborgerees/coding/ultraplan/gauntlet-run/ultraplan-go /home/antonioborgerees/coding/ultraplan/gauntlet-run/ultraplan-workspace
/home/antonioborgerees/coding/ultraplan/gauntlet-run/ultraplan-go:
total 32
drwxr-xr-x. 1 antonioborgerees antonioborgerees   136 Aug 22 16:23 .
drwxr-xr-x. 1 antonioborgerees antonioborgerees    62 Aug 22 16:23 ..
drwxr-xr-x. 1 antonioborgerees antonioborgerees    18 Aug 22 16:23 cmd
drwxr-xr-x. 1 antonioborgerees antonioborgerees   232 Aug 22 16:23 dist
drwxr-xr-x. 1 antonioborgerees antonioborgerees   596 Aug 22 16:23 docs
drwxr-xr-x. 1 antonioborgerees antonioborgerees   122 Aug 24 14:50 .git
drwxr-xr-x. 1 antonioborgerees antonioborgerees    18 Aug 22 16:23 .github
-rw-r--r--. 1 antonioborgerees antonioborgerees    10 Aug 22 16:23 .gitignore
-rw-r--r--. 1 antonioborgerees antonioborgerees  2188 Aug 22 16:23 go.mod
-rw-r--r--. 1 antonioborgerees antonioborgerees 11725 Aug 22 16:23 go.sum
drwxr-xr-x. 1 antonioborgerees antonioborgerees   154 Aug 22 16:23 internal
-rw-r--r--. 1 antonioborgerees antonioborgerees 10930 Aug 22 16:23 README.md
drwxr-xr-x. 1 antonioborgerees antonioborgerees   188 Aug 22 16:23 scripts

/home/antonioborgerees/coding/ultraplan/gauntlet-run/ultraplan-workspace:
total 12
drwxr-xr-x. 1 antonioborgerees antonioborgerees  158 Aug 22 16:23 .
drwxr-xr-x. 1 antonioborgerees antonioborgerees   62 Aug 22 16:23 ..
drwxr-xr-x. 1 antonioborgerees antonioborgerees   12 Aug 22 16:23 .agents
drwxr-xr-x. 1 antonioborgerees antonioborgerees  122 Aug 22 17:21 .git
-rw-r--r--. 1 antonioborgerees antonioborgerees   62 Aug 22 16:23 .gitignore
drwxr-xr-x. 1 antonioborgerees antonioborgerees  886 Aug 22 16:23 previews
drwxr-xr-x. 1 antonioborgerees antonioborgerees   90 Aug 22 16:23 projects
-rw-r--r--. 1 antonioborgerees antonioborgerees 1330 Aug 22 16:23 README.md
drwxr-xr-x. 1 antonioborgerees antonioborgerees  110 Aug 22 16:23 scripts
drwxr-xr-x. 1 antonioborgerees antonioborgerees  120 Aug 22 16:23 studies
drwxr-xr-x. 1 antonioborgerees antonioborgerees   54 Aug 22 16:23 system
-rw-r--r--. 1 antonioborgerees antonioborgerees 1111 Aug 22 16:23 ultraplan.yml
[0m
[0m→ [0mRead /home/antonioborgerees/coding/ultraplan/gauntlet-run/ultraplan-go/internal/runcontrol/import_boundary_test.go
[0m→ [0mRead /home/antonioborgerees/coding/ultraplan/gauntlet-run/ultraplan-go/internal/web/import_boundary_test.go
[0m
[0m$ [0mgrep -rn "modernc.org\|golang.org/x" --include="*.go" /home/antonioborgerees/coding/ultraplan/gauntlet-run/ultraplan-go/internal/web | head -20; echo ---; grep -rn "^import\|\"github.com/Antonio7098" --include="*.go" /home/antonioborgerees/coding/ultraplan/gauntlet-run/ultraplan-go/internal/web/*.go | grep -v _test | grep import -A0 | head
---
/home/antonioborgerees/coding/ultraplan/gauntlet-run/ultraplan-go/internal/web/artifacts.go:3:import (
--
/home/antonioborgerees/coding/ultraplan/gauntlet-run/ultraplan-go/internal/web/handlers.go:3:import (
--
/home/antonioborgerees/coding/ultraplan/gauntlet-run/ultraplan-go/internal/web/operation_handlers.go:3:import (
--
/home/antonioborgerees/coding/ultraplan/gauntlet-run/ultraplan-go/internal/web/operations.go:3:import (
--
/home/antonioborgerees/coding/ultraplan/gauntlet-run/ultraplan-go/internal/web/routes.go:3:import (
--
[0m
[0m→ [0mRead /home/antonioborgerees/coding/ultraplan/gauntlet-run/ultraplan-go/internal/runcontrol/fault_test.go
[0m→ [0mRead /home/antonioborgerees/coding/ultraplan/gauntlet-run/ultraplan-go/internal/runcontrol/interfaces.go
[0m→ [0mRead /home/antonioborgerees/coding/ultraplan/gauntlet-run/ultraplan-go/internal/tui/test_fakes_test.go
[0m→ [0mRead /home/antonioborgerees/coding/ultraplan/gauntlet-run/ultraplan-go/internal/web/test_fakes_test.go
[0m→ [0mRead /home/antonioborgerees/coding/ultraplan/gauntlet-run/ultraplan-go/internal/platform/runtime/policy.go
[0m→ [0mRead /home/antonioborgerees/coding/ultraplan/gauntlet-run/ultraplan-go/internal/sprint/execute.go
[0m→ [0mRead /home/antonioborgerees/coding/ultraplan/gauntlet-run/ultraplan-go/internal/sprint/service.go
[0m
[0m$ [0mgrep -rn "type Runtime" /home/antonioborgerees/coding/ultraplan/gauntlet-run/ultraplan-go/internal --include="*.go"; echo ---; grep -rn "fakeRuntime\|stubRuntime\|scriptedRuntime\|recordingRuntime\|errRuntime" /home/antonioborgerees/coding/ultraplan/gauntlet-run/ultraplan-go/internal/sprint/*_test.go | head -40
/home/antonioborgerees/coding/ultraplan/gauntlet-run/ultraplan-go/internal/platform/config/config.go:25:type Runtime struct {
/home/antonioborgerees/coding/ultraplan/gauntlet-run/ultraplan-go/internal/platform/runtime/runtime.go:245:type Runtime interface {
/home/antonioborgerees/coding/ultraplan/gauntlet-run/ultraplan-go/internal/sprint/runtime_metrics.go:22:type RuntimeTokenMetric struct {
/home/antonioborgerees/coding/ultraplan/gauntlet-run/ultraplan-go/internal/sprint/flow.go:13:type Runtime interface {
/home/antonioborgerees/coding/ultraplan/gauntlet-run/ultraplan-go/internal/sprint/service.go:108:type RuntimeProgress struct {
/home/antonioborgerees/coding/ultraplan/gauntlet-run/ultraplan-go/internal/study/service.go:25:type Runtime interface {
---
/home/antonioborgerees/coding/ultraplan/gauntlet-run/ultraplan-go/internal/sprint/sprint_index_test.go:81:	service := NewService(root).WithRuntime(fakeRuntime{})
/home/antonioborgerees/coding/ultraplan/gauntlet-run/ultraplan-go/internal/sprint/sprint_index_test.go:198:type fakeRuntime struct{}
/home/antonioborgerees/coding/ultraplan/gauntlet-run/ultraplan-go/internal/sprint/sprint_index_test.go:200:func (fakeRuntime) StartRun(context.Context, pruntime.Request) (pruntime.Result, error) {
[0m
[0m→ [0mRead /home/antonioborgerees/coding/ultraplan/gauntlet-run/ultraplan-go/internal/platform/runtime/runtime.go[90m [limit=80][0m
[0m→ [0mRead /home/antonioborgerees/coding/ultraplan/gauntlet-run/ultraplan-go/internal/platform/runtime/runtime.go[90m [offset=81, limit=260][0m
[0m→ [0mRead /home/antonioborgerees/coding/ultraplan/gauntlet-run/ultraplan-go/internal/platform/runtime/runtime.go[90m [offset=341][0m
[0m→ [0mRead /home/antonioborgerees/coding/ultraplan/gauntlet-run/ultraplan-go/go.mod
[0m
[0m$ [0msed -n 180,240p /home/antonioborgerees/coding/ultraplan/gauntlet-run/ultraplan-go/internal/sprint/sprint_index_test.go; echo ===; sed -n 1,80p /home/antonioborgerees/coding/ultraplan/gauntlet-run/ultraplan-go/internal/study/service.go
want := []PlanningStage{StageRequirements, StageCodeContext, StageSprintIndex, StageTechnicalHandbook, StageAreaReasoning, StageReasoning, StagePlan}
	if len(stages) != len(want) {
		t.Fatalf("flow stages = %v, want %v", stages, want)
	}
	count := 0
	for i := range want {
		if stages[i] != want[i] {
			t.Fatalf("flow stages = %v, want %v", stages, want)
		}
		if stages[i] == StageCodeContext {
			count++
		}
	}
	if count != 1 {
		t.Fatalf("code-context scheduled %d times", count)
	}
}

type fakeRuntime struct{}

func (fakeRuntime) StartRun(context.Context, pruntime.Request) (pruntime.Result, error) {
	return pruntime.Result{Status: "success", RunID: "run-1"}, nil
}

type validationInspectRuntime struct {
	request pruntime.Request
}

func (r *validationInspectRuntime) StartRun(_ context.Context, req pruntime.Request) (pruntime.Result, error) {
	r.request = req
	return pruntime.Result{Status: "success", RunID: "run-1"}, nil
}

type writeFileRuntime struct {
	Path    string
	Content string
}

func (r writeFileRuntime) StartRun(context.Context, pruntime.Request) (pruntime.Result, error) {
	if err := os.MkdirAll(filepath.Dir(r.Path), 0o755); err != nil {
		return pruntime.Result{}, err
	}
	if err := os.WriteFile(r.Path, []byte(r.Content), 0o644); err != nil {
		return pruntime.Result{}, err
	}
	return pruntime.Result{Status: "success", RunID: "run-1"}, nil
}

func validRequirements(projectName, sprintSlug string) string {
	return fmt.Sprintf(`# Sprint Requirements: %s

> Project: %s
> Sprint: %s

## Sprint Goal

Execute validated plan tasks through the runtime boundary.

## Required Outputs

| Output | Path | Description |
===
package study

import (
	"context"

	runtimepkg "github.com/Antonio7098/ultraplan-go/internal/platform/runtime"
)

type Service struct {
	workspaceRoot string
	runtime       Runtime
	runtimeConfig runtimepkg.Request
}

type StudyListing struct {
	Study          Study
	Config         StudyConfig
	Sources        []Source
	Dimensions     []Dimension
	DimensionOrder []Dimension
}

type Option func(*Service)

type Runtime interface {
	StartRun(ctx context.Context, req runtimepkg.Request) (runtimepkg.Result, error)
}

func WithRuntime(rt Runtime, req runtimepkg.Request) Option {
	return func(s *Service) {
		s.runtime = rt
		s.runtimeConfig = req
	}
}

func NewService(workspaceRoot string, opts ...Option) Service {
	s := Service{workspaceRoot: workspaceRoot}
	for _, opt := range opts {
		opt(&s)
	}
	return s
}

func (s Service) ListStudies() ([]Study, error) {
	return DiscoverStudies(s.workspaceRoot)
}

func (s Service) ListStudy(ref string) (StudyListing, error) {
	studies, err := DiscoverStudies(s.workspaceRoot)
	if err != nil {
		return StudyListing{}, err
	}
	resolved, err := ResolveStudy(studies, ref)
	if err != nil {
		return StudyListing{}, err
	}
	sources, err := DiscoverSources(resolved)
	if err != nil {
		return StudyListing{}, err
	}
	dimensions, err := DiscoverDimensions(resolved)
	if err != nil {
		return StudyListing{}, err
	}
	studyConfig, dimensionOrder, err := LoadStudyConfig(resolved, dimensions)
	if err != nil {
		return StudyListing{}, err
	}
	return StudyListing{
		Study:          resolved,
		Config:         studyConfig,
		Sources:        sources,
		Dimensions:     dimensions,
		DimensionOrder: dimensionOrder,
	}, nil
}

func (s Service) WriteSummary(studyRef string) (SummaryResult, error) {
	listing, err := s.ListStudy(studyRef)
	if err != nil {
[0m
[0m$ [0msed -n 1,60p /home/antonioborgerees/coding/ultraplan/gauntlet-run/ultraplan-go/internal/sprint/flow.go; echo ===; grep -rn "Health\|Capabilities" /home/antonioborgerees/coding/ultraplan/gauntlet-run/ultraplan-go/internal/sprint/*.go | grep -v _test | head -30
package sprint

import (
	"context"
	"fmt"
	"strings"
	"time"

	"github.com/Antonio7098/ultraplan-go/internal/platform/config"
	"github.com/Antonio7098/ultraplan-go/internal/platform/runtime"
)

type Runtime interface {
	StartRun(context.Context, runtime.Request) (runtime.Result, error)
}

type FlowRequest struct {
	To              PlanningStage
	DryRun          bool
	ModelOverride   string
	VariantOverride string
	Review          ReviewRequest
	Smoke           SmokeRequest
	Progress        func(FlowProgress)
}

type FlowProgress struct {
	Stage   PlanningStage
	State   string
	Message string
}

type FlowResult struct {
	Project  string
	Sprint   string
	To       PlanningStage
	DryRun   bool
	Message  string
	Runtime  runtime.Result
	Stages   []StageState
	Findings []ValidationFinding
}

// Flow owns the ordered sprint state machine. Surfaces map requests and render
// this result; they do not schedule stages or duplicate verification policy.
func (s Service) Flow(ctx context.Context, projectRef, sprintRef string, req FlowRequest) (FlowResult, error) {
	stages, err := flowStages(req.To)
	if err != nil {
		return FlowResult{}, err
	}
	if req.DryRun {
		if req.To == StageReview || req.To == StageSmoke {
			verified, verifyErr := s.Verify(ctx, projectRef, sprintRef, VerifyRequest{To: req.To, DryRun: true, Review: req.Review, Smoke: req.Smoke, Progress: req.Progress})
			message := "verification dry run"
			if verified.ReviewResult != nil {
				message = firstNonEmptyString(verified.ReviewResult.Prompt, verified.ReviewResult.Message, message)
			}
			return FlowResult{Project: verified.Project, Sprint: verified.Sprint, To: req.To, DryRun: true, Message: message}, verifyErr
		}
		stages = []PlanningStage{req.To}
===
/home/antonioborgerees/coding/ultraplan/gauntlet-run/ultraplan-go/internal/sprint/smoke_protocol.go:25:	Capabilities    []string             `json:"capabilities"`
/home/antonioborgerees/coding/ultraplan/gauntlet-run/ultraplan-go/internal/sprint/smoke_protocol.go:228:		if !contains(m.Capabilities, capability) {
[0m
[0m→ [0mRead /home/antonioborgerees/coding/ultraplan/gauntlet-run/ultraplan-go/internal/web/server_policy.go
[0m→ [0mRead /home/antonioborgerees/coding/ultraplan/gauntlet-run/ultraplan-go/internal/sprint/freshness_policy.go
[0m
[0m$ [0mgrep -rn "strictCompletedReviewSnapshotFreshness\|strictCompletedSmokeSnapshotFreshness\|strictSmokeAuthorProtectedSnapshots" /home/antonioborgerees/coding/ultraplan/gauntlet-run/ultraplan-go/internal --include="*.go"
/home/antonioborgerees/coding/ultraplan/gauntlet-run/ultraplan-go/internal/sprint/freshness_policy.go:12:	strictCompletedReviewSnapshotFreshness = false
/home/antonioborgerees/coding/ultraplan/gauntlet-run/ultraplan-go/internal/sprint/freshness_policy.go:13:	strictCompletedSmokeSnapshotFreshness  = false
/home/antonioborgerees/coding/ultraplan/gauntlet-run/ultraplan-go/internal/sprint/freshness_policy.go:14:	strictSmokeAuthorProtectedSnapshots    = false
/home/antonioborgerees/coding/ultraplan/gauntlet-run/ultraplan-go/internal/sprint/verify.go:178:		} else if strictCompletedReviewSnapshotFreshness && manifest.Fingerprint != r.Fingerprint {
/home/antonioborgerees/coding/ultraplan/gauntlet-run/ultraplan-go/internal/sprint/verify.go:192:			if !strictCompletedReviewSnapshotFreshness {
/home/antonioborgerees/coding/ultraplan/gauntlet-run/ultraplan-go/internal/sprint/verify.go:236:		} else if strictCompletedSmokeSnapshotFreshness {
/home/antonioborgerees/coding/ultraplan/gauntlet-run/ultraplan-go/internal/sprint/verify.go:304:	if strictCompletedSmokeSnapshotFreshness {
/home/antonioborgerees/coding/ultraplan/gauntlet-run/ultraplan-go/internal/sprint/service.go:171:			refreshed.Review.Stale = reviewErr != nil || len(reviewFindings) > 0 || (strictCompletedReviewSnapshotFreshness && manifest.Fingerprint != refreshed.Review.Fingerprint)
/home/antonioborgerees/coding/ultraplan/gauntlet-run/ultraplan-go/internal/sprint/service.go:175:				if !strictCompletedReviewSnapshotFreshness {
/home/antonioborgerees/coding/ultraplan/gauntlet-run/ultraplan-go/internal/sprint/smoke_author.go:39:	if strictSmokeAuthorProtectedSnapshots {
/home/antonioborgerees/coding/ultraplan/gauntlet-run/ultraplan-go/internal/sprint/smoke_author.go:64:	if strictSmokeAuthorProtectedSnapshots {
/home/antonioborgerees/coding/ultraplan/gauntlet-run/ultraplan-go/internal/sprint/smoke_author.go:89:	if strictSmokeAuthorProtectedSnapshots {
/home/antonioborgerees/coding/ultraplan/gauntlet-run/ultraplan-go/internal/sprint/smoke_protocol.go:186:	review.Stale = reviewErr != nil || len(reviewFindings) > 0 || (strictCompletedReviewSnapshotFreshness && reviewManifest.Fingerprint != review.Fingerprint)
/home/antonioborgerees/coding/ultraplan/gauntlet-run/ultraplan-go/internal/sprint/smoke_protocol.go:190:		if !strictCompletedReviewSnapshotFreshness {
[0m
[0m→ [0mRead /home/antonioborgerees/coding/ultraplan/gauntlet-run/ultraplan-go/internal/web/server_policy_test.go
[0m
[0m$ [0mcat /home/antonioborgerees/coding/ultraplan/gauntlet-run/ultraplan-go/internal/platform/filesystem/doc.go /home/antonioborgerees/coding/ultraplan/gauntlet-run/ultraplan-go/internal/productstate/store.go 2>/dev/null | head -120
// Package filesystem documents the future boundary for generic filesystem
// helpers.
//
// Workspace discovery, workspace path rules, path validation, and product
// persistence behavior are deferred to owning modules in later sprints.
package filesystem
package productstate

import (
	"context"
	"crypto/sha256"
	"database/sql"
	"errors"
	"fmt"
	"net/url"
	"os"
	"path/filepath"
	"strconv"
	"sync"
	"time"

	_ "modernc.org/sqlite"
)

const DatabaseRelativePath = ".ultraplan/run-control.db"

var ErrNotFound = errors.New("product state not found")

type Item struct {
	Key     string
	Ordinal int
	Payload []byte
}

type Record struct {
	Kind          string
	Scope         string
	SchemaVersion int
	Header        []byte
	Items         []Item
}

type Store struct{ db *sql.DB }

var stores sync.Map

func Existing(root string) (*Store, bool, error) {
	path := filepath.Join(root, filepath.FromSlash(DatabaseRelativePath))
	if _, err := os.Stat(path); err != nil {
		if os.IsNotExist(err) {
			return nil, false, nil
		}
		return nil, false, err
	}
	store, err := open(root)
	return store, err == nil, err
}

func Ensure(root string) (*Store, error) { return open(root) }

func open(root string) (*Store, error) {
	root, err := filepath.Abs(root)
	if err != nil {
		return nil, err
	}
	if cached, ok := stores.Load(root); ok {
		return cached.(*Store), nil
	}
	path := filepath.Join(root, filepath.FromSlash(DatabaseRelativePath))
	if err := os.MkdirAll(filepath.Dir(path), 0o700); err != nil {
		return nil, err
	}
	values := url.Values{}
	values.Set("_busy_timeout", strconv.FormatInt((5*time.Second).Milliseconds(), 10))
	values.Set("_foreign_keys", "on")
	values.Set("_journal_mode", "WAL")
	values.Set("_synchronous", "FULL")
	values.Set("_txlock", "immediate")
	dsn := (&url.URL{Scheme: "file", Path: filepath.ToSlash(path), RawQuery: values.Encode()}).String()
	db, err := sql.Open("sqlite", dsn)
	if err != nil {
		return nil, err
	}
	db.SetMaxOpenConns(4)
	if err := createSchema(context.Background(), db); err != nil {
		_ = db.Close()
		return nil, err
	}
	store := &Store{db: db}
	actual, loaded := stores.LoadOrStore(root, store)
	if loaded {
		_ = db.Close()
		return actual.(*Store), nil
	}
	return store, nil
}

func createSchema(ctx context.Context, db *sql.DB) error {
	_, err := db.ExecContext(ctx, `
CREATE TABLE IF NOT EXISTS product_states (
  kind TEXT NOT NULL,
  scope TEXT NOT NULL,
  schema_version INTEGER NOT NULL,
  header_json BLOB NOT NULL,
  header_hash BLOB NOT NULL,
  updated_at TEXT NOT NULL,
  PRIMARY KEY (kind, scope)
);
CREATE TABLE IF NOT EXISTS product_state_items (
  kind TEXT NOT NULL,
  scope TEXT NOT NULL,
  item_key TEXT NOT NULL,
  ordinal INTEGER NOT NULL,
  payload_json BLOB NOT NULL,
  payload_hash BLOB NOT NULL,
  PRIMARY KEY (kind, scope, item_key),
  FOREIGN KEY (kind, scope) REFERENCES product_states(kind, scope) ON DELETE CASCADE
);
CREATE INDEX IF NOT EXISTS product_state_items_order ON product_state_items(kind, scope, ordinal);
`)
[0m
[0m→ [0mRead /home/antonioborgerees/coding/ultraplan/gauntlet-run/ultraplan-go/internal/productstate/store.go[90m [offset=70][0m
[0m
[0m$ [0mgrep -rn "productstate" /home/antonioborgerees/coding/ultraplan/gauntlet-run/ultraplan-go --include="*.go" | grep -v "^Binary"; echo ===; grep -rln "func Test" /home/antonioborgerees/coding/ultraplan/gauntlet-run/ultraplan-go/internal/*/ | head -50
/home/antonioborgerees/coding/ultraplan/gauntlet-run/ultraplan-go/internal/app/storage_commands.go:9:	"github.com/Antonio7098/ultraplan-go/internal/productstate"
/home/antonioborgerees/coding/ultraplan/gauntlet-run/ultraplan-go/internal/app/storage_commands.go:65:		if _, err := productstate.Ensure(root.Path); err != nil {
/home/antonioborgerees/coding/ultraplan/gauntlet-run/ultraplan-go/internal/productstate/store.go:1:package productstate
/home/antonioborgerees/coding/ultraplan/gauntlet-run/ultraplan-go/internal/sprint/state_database.go:9:	"github.com/Antonio7098/ultraplan-go/internal/productstate"
/home/antonioborgerees/coding/ultraplan/gauntlet-run/ultraplan-go/internal/sprint/state_database.go:57:func loadSprintRecord(root, kind, scope string) (productstate.Record, bool, error) {
/home/antonioborgerees/coding/ultraplan/gauntlet-run/ultraplan-go/internal/sprint/state_database.go:58:	store, enabled, err := productstate.Existing(root)
/home/antonioborgerees/coding/ultraplan/gauntlet-run/ultraplan-go/internal/sprint/state_database.go:60:		return productstate.Record{}, false, err
/home/antonioborgerees/coding/ultraplan/gauntlet-run/ultraplan-go/internal/sprint/state_database.go:63:	if errors.Is(err, productstate.ErrNotFound) {
/home/antonioborgerees/coding/ultraplan/gauntlet-run/ultraplan-go/internal/sprint/state_database.go:64:		return productstate.Record{}, false, nil
/home/antonioborgerees/coding/ultraplan/gauntlet-run/ultraplan-go/internal/sprint/state_database.go:84:	items := make([]productstate.Item, 0, len(state.Stages))
/home/antonioborgerees/coding/ultraplan/gauntlet-run/ultraplan-go/internal/sprint/state_database.go:90:		items = append(items, productstate.Item{Key: string(stage.Stage), Ordinal: index, Payload: payload})
/home/antonioborgerees/coding/ultraplan/gauntlet-run/ultraplan-go/internal/sprint/state_database.go:92:	store, err := productstate.Ensure(root)
/home/antonioborgerees/coding/ultraplan/gauntlet-run/ultraplan-go/internal/sprint/state_database.go:96:	return store.Save(context.Background(), productstate.Record{Kind: sprintFlowStateKind, Scope: sprintStateScope(s), SchemaVersion: state.SchemaVersion, Header: headerJSON, Items: items})
/home/antonioborgerees/coding/ultraplan/gauntlet-run/ultraplan-go/internal/sprint/state_database.go:114:	items := make([]productstate.Item, 0, len(state.Tasks))
/home/antonioborgerees/coding/ultraplan/gauntlet-run/ultraplan-go/internal/sprint/state_database.go:120:		items = append(items, productstate.Item{Key: task.ID, Ordinal: index, Payload: payload})
/home/antonioborgerees/coding/ultraplan/gauntlet-run/ultraplan-go/internal/sprint/state_database.go:122:	store, err := productstate.Ensure(root)
/home/antonioborgerees/coding/ultraplan/gauntlet-run/ultraplan-go/internal/sprint/state_database.go:126:	return store.Save(context.Background(), productstate.Record{Kind: sprintExecuteStateKind, Scope: sprintStateScope(s), SchemaVersion: state.SchemaVersion, Header: headerJSON, Items: items})
/home/antonioborgerees/coding/ultraplan/gauntlet-run/ultraplan-go/internal/sprint/state_database.go:130:	store, enabled, err := productstate.Existing(root)
/home/antonioborgerees/coding/ultraplan/gauntlet-run/ultraplan-go/internal/study/state_database.go:10:	"github.com/Antonio7098/ultraplan-go/internal/productstate"
/home/antonioborgerees/coding/ultraplan/gauntlet-run/ultraplan-go/internal/study/state_database.go:18:	store, enabled, err := productstate.Existing(studyWorkspaceRoot(study))
/home/antonioborgerees/coding/ultraplan/gauntlet-run/ultraplan-go/internal/study/state_database.go:23:	if errors.Is(err, productstate.ErrNotFound) {
/home/antonioborgerees/coding/ultraplan/gauntlet-run/ultraplan-go/internal/study/state_database.go:55:	items := make([]productstate.Item, 0, len(state.Tasks))
/home/antonioborgerees/coding/ultraplan/gauntlet-run/ultraplan-go/internal/study/state_database.go:61:		items = append(items, productstate.Item{Key: task.ID, Ordinal: index, Payload: payload})
/home/antonioborgerees/coding/ultraplan/gauntlet-run/ultraplan-go/internal/study/state_database.go:63:	store, err := productstate.Ensure(studyWorkspaceRoot(study))
/home/antonioborgerees/coding/ultraplan/gauntlet-run/ultraplan-go/internal/study/state_database.go:67:	return store.Save(context.Background(), productstate.Record{Kind: studyRunStateKind, Scope: study.Name, SchemaVersion: state.SchemaVersion, Header: headerJSON, Items: items})
/home/antonioborgerees/coding/ultraplan/gauntlet-run/ultraplan-go/internal/study/state_database.go:71:	store, enabled, err := productstate.Existing(studyWorkspaceRoot(study))
===
/home/antonioborgerees/coding/ultraplan/gauntlet-run/ultraplan-go/internal/app/app_test.go
/home/antonioborgerees/coding/ultraplan/gauntlet-run/ultraplan-go/internal/app/code_commands_test.go
/home/antonioborgerees/coding/ultraplan/gauntlet-run/ultraplan-go/internal/app/health_commands_test.go
/home/antonioborgerees/coding/ultraplan/gauntlet-run/ultraplan-go/internal/app/markdown_test.go
/home/antonioborgerees/coding/ultraplan/gauntlet-run/ultraplan-go/internal/app/run_commands_test.go
/home/antonioborgerees/coding/ultraplan/gauntlet-run/ultraplan-go/internal/app/run_control_inventory_test.go
/home/antonioborgerees/coding/ultraplan/gauntlet-run/ultraplan-go/internal/app/serve_commands_test.go
/home/antonioborgerees/coding/ultraplan/gauntlet-run/ultraplan-go/internal/app/skills_commands_test.go
/home/antonioborgerees/coding/ultraplan/gauntlet-run/ultraplan-go/internal/app/sprint_error_test.go
/home/antonioborgerees/coding/ultraplan/gauntlet-run/ultraplan-go/internal/app/sprint_usecases_test.go
/home/antonioborgerees/coding/ultraplan/gauntlet-run/ultraplan-go/internal/app/sprint_verify_commands_test.go
/home/antonioborgerees/coding/ultraplan/gauntlet-run/ultraplan-go/internal/app/study_commands_test.go
/home/antonioborgerees/coding/ultraplan/gauntlet-run/ultraplan-go/internal/app/study_init_commands_test.go
/home/antonioborgerees/coding/ultraplan/gauntlet-run/ultraplan-go/internal/app/study_prompt_commands_test.go
/home/antonioborgerees/coding/ultraplan/gauntlet-run/ultraplan-go/internal/app/study_run_all_commands_test.go
/home/antonioborgerees/coding/ultraplan/gauntlet-run/ultraplan-go/internal/app/study_run_commands_test.go
/home/antonioborgerees/coding/ultraplan/gauntlet-run/ultraplan-go/internal/app/study_run_loop_commands_test.go
/home/antonioborgerees/coding/ultraplan/gauntlet-run/ultraplan-go/internal/app/study_runs_commands_test.go
/home/antonioborgerees/coding/ultraplan/gauntlet-run/ultraplan-go/internal/app/study_status_commands_test.go
/home/antonioborgerees/coding/ultraplan/gauntlet-run/ultraplan-go/internal/app/study_summary_commands_test.go
/home/antonioborgerees/coding/ultraplan/gauntlet-run/ultraplan-go/internal/app/study_validate_commands_test.go
/home/antonioborgerees/coding/ultraplan/gauntlet-run/ultraplan-go/internal/app/usecases_test.go
/home/antonioborgerees/coding/ultraplan/gauntlet-run/ultraplan-go/internal/app/web_operations_test.go
/home/antonioborgerees/coding/ultraplan/gauntlet-run/ultraplan-go/internal/app/web_usecases_test.go
/home/antonioborgerees/coding/ultraplan/gauntlet-run/ultraplan-go/internal/app/durable_operations_test.go
/home/antonioborgerees/coding/ultraplan/gauntlet-run/ultraplan-go/internal/app/project_commands_test.go
/home/antonioborgerees/coding/ultraplan/gauntlet-run/ultraplan-go/internal/app/run_control_test.go
/home/antonioborgerees/coding/ultraplan/gauntlet-run/ultraplan-go/internal/app/sprint_commands_test.go
/home/antonioborgerees/coding/ultraplan/gauntlet-run/ultraplan-go/internal/app/tui_commands_test.go
/home/antonioborgerees/coding/ultraplan/gauntlet-run/ultraplan-go/internal/codeextract/codeextract_test.go
/home/antonioborgerees/coding/ultraplan/gauntlet-run/ultraplan-go/internal/platform/config/config_test.go
/home/antonioborgerees/coding/ultraplan/gauntlet-run/ultraplan-go/internal/platform/logging/logging_test.go
/home/antonioborgerees/coding/ultraplan/gauntlet-run/ultraplan-go/internal/platform/process/process_test.go
/home/antonioborgerees/coding/ultraplan/gauntlet-run/ultraplan-go/internal/platform/runtime/cache_test.go
/home/antonioborgerees/coding/ultraplan/gauntlet-run/ultraplan-go/internal/platform/runtime/opencode_test.go
/home/antonioborgerees/coding/ultraplan/gauntlet-run/ultraplan-go/internal/platform/runtime/runtime_test.go
/home/antonioborgerees/coding/ultraplan/gauntlet-run/ultraplan-go/internal/project/reasoning_defaults_test.go
/home/antonioborgerees/coding/ultraplan/gauntlet-run/ultraplan-go/internal/project/project_test.go
/home/antonioborgerees/coding/ultraplan/gauntlet-run/ultraplan-go/internal/runcontrol/fault_test.go
/home/antonioborgerees/coding/ultraplan/gauntlet-run/ultraplan-go/internal/runcontrol/id_test.go
/home/antonioborgerees/coding/ultraplan/gauntlet-run/ultraplan-go/internal/runcontrol/import_boundary_test.go
/home/antonioborgerees/coding/ultraplan/gauntlet-run/ultraplan-go/internal/runcontrol/lifecycle_test.go
/home/antonioborgerees/coding/ultraplan/gauntlet-run/ultraplan-go/internal/runcontrol/local_log_test.go
/home/antonioborgerees/coding/ultraplan/gauntlet-run/ultraplan-go/internal/runcontrol/migration_test.go
/home/antonioborgerees/coding/ultraplan/gauntlet-run/ultraplan-go/internal/runcontrol/model_test.go
/home/antonioborgerees/coding/ultraplan/gauntlet-run/ultraplan-go/internal/runcontrol/process_integration_test.go
/home/antonioborgerees/coding/ultraplan/gauntlet-run/ultraplan-go/internal/runcontrol/retention_test.go
/home/antonioborgerees/coding/ultraplan/gauntlet-run/ultraplan-go/internal/runcontrol/sanitize_test.go
/home/antonioborgerees/coding/ultraplan/gauntlet-run/ultraplan-go/internal/runcontrol/sqlite_test.go
/home/antonioborgerees/coding/ultraplan/gauntlet-run/ultraplan-go/internal/sprint/cleanup_uncertain_test.go
[0m
[0m→ [0mRead /home/antonioborgerees/coding/ultraplan/gauntlet-run/ultraplan-go/internal/sprint/state_database.go
[0m
[0m$ [0mgrep -n "func SaveFlowState\|func LoadFlowState\|saveFlowStateDatabase\|loadFlowStateDatabase" /home/antonioborgerees/coding/ultraplan/gauntlet-run/ultraplan-go/internal/sprint/*.go | grep -v _test
/home/antonioborgerees/coding/ultraplan/gauntlet-run/ultraplan-go/internal/sprint/state_database.go:19:func loadFlowStateDatabase(root string, s Sprint) (FlowState, bool, error) {
/home/antonioborgerees/coding/ultraplan/gauntlet-run/ultraplan-go/internal/sprint/state_database.go:69:func saveFlowStateDatabase(root string, s Sprint, state FlowState) error {
/home/antonioborgerees/coding/ultraplan/gauntlet-run/ultraplan-go/internal/sprint/state_database.go:144:	return saveFlowStateDatabase(root, s, state)
/home/antonioborgerees/coding/ultraplan/gauntlet-run/ultraplan-go/internal/sprint/state.go:20:func LoadFlowState(root string, s Sprint) (FlowState, error) {
/home/antonioborgerees/coding/ultraplan/gauntlet-run/ultraplan-go/internal/sprint/state.go:21:	if state, found, err := loadFlowStateDatabase(root, s); err != nil {
/home/antonioborgerees/coding/ultraplan/gauntlet-run/ultraplan-go/internal/sprint/state.go:201:func SaveFlowState(root string, s Sprint, state FlowState) error {
/home/antonioborgerees/coding/ultraplan/gauntlet-run/ultraplan-go/internal/sprint/state.go:219:		if err := saveFlowStateDatabase(root, s, state); err != nil {
[0m
[0m→ [0mRead /home/antonioborgerees/coding/ultraplan/gauntlet-run/ultraplan-go/internal/sprint/state.go
[0m
[0m$ [0mcd /home/antonioborgerees/coding/ultraplan/gauntlet-run/ultraplan-go && go build ./... 2>&1 | head; echo BUILD_DONE
BUILD_DONE
[0m
[0m$ [0mcd /home/antonioborgerees/coding/ultraplan/gauntlet-run/ultraplan-go && go test ./... 2>&1 | tail -30
?   	github.com/Antonio7098/ultraplan-go/cmd/ultraplan	[no test files]
ok  	github.com/Antonio7098/ultraplan-go/internal/app	(cached)
ok  	github.com/Antonio7098/ultraplan-go/internal/codeextract	0.015s
ok  	github.com/Antonio7098/ultraplan-go/internal/platform/config	0.013s
?   	github.com/Antonio7098/ultraplan-go/internal/platform/filesystem	[no test files]
ok  	github.com/Antonio7098/ultraplan-go/internal/platform/logging	0.017s
ok  	github.com/Antonio7098/ultraplan-go/internal/platform/process	0.337s
ok  	github.com/Antonio7098/ultraplan-go/internal/platform/runtime	0.026s
?   	github.com/Antonio7098/ultraplan-go/internal/productstate	[no test files]
ok  	github.com/Antonio7098/ultraplan-go/internal/project	0.025s
ok  	github.com/Antonio7098/ultraplan-go/internal/runcontrol	(cached)
ok  	github.com/Antonio7098/ultraplan-go/internal/sprint	0.886s
ok  	github.com/Antonio7098/ultraplan-go/internal/study	17.291s
ok  	github.com/Antonio7098/ultraplan-go/internal/tui	(cached)
ok  	github.com/Antonio7098/ultraplan-go/internal/web	(cached)
ok  	github.com/Antonio7098/ultraplan-go/internal/workspace	0.013s
[0m
[0m→ [0mRead /home/antonioborgerees/coding/ultraplan/gauntlet-run/ultraplan-go/internal/study/run_loop.go
[0m
[0m$ [0mgrep -n "func Test\|type fake\|type stub\|type scripted" /home/antonioborgerees/coding/ultraplan/gauntlet-run/ultraplan-go/internal/study/run_loop_test.go /home/antonioborgerees/coding/ultraplan/gauntlet-run/ultraplan-go/internal/study/run_test.go /home/antonioborgerees/coding/ultraplan/gauntlet-run/ultraplan-go/internal/study/study_test.go 2>/dev/null
/home/antonioborgerees/coding/ultraplan/gauntlet-run/ultraplan-go/internal/study/run_loop_test.go:44:func TestRunLoopPersistsAndContinuesCancelledStudySession(t *testing.T) {
/home/antonioborgerees/coding/ultraplan/gauntlet-run/ultraplan-go/internal/study/run_loop_test.go:95:func TestRunLoopCreatesDurableStateRunsTasksAndReleasesLock(t *testing.T) {
/home/antonioborgerees/coding/ultraplan/gauntlet-run/ultraplan-go/internal/study/run_loop_test.go:137:func TestRunLoopProgressUsesCountOnlySummaries(t *testing.T) {
/home/antonioborgerees/coding/ultraplan/gauntlet-run/ultraplan-go/internal/study/run_loop_test.go:169:func TestRunLoopContinueResumesAndRevalidatesCompletedStateBeforeScheduling(t *testing.T) {
/home/antonioborgerees/coding/ultraplan/gauntlet-run/ultraplan-go/internal/study/run_loop_test.go:192:func TestRunLoopDefaultResumesExistingStateAndResetStartsFresh(t *testing.T) {
/home/antonioborgerees/coding/ultraplan/gauntlet-run/ultraplan-go/internal/study/run_loop_test.go:245:func TestRunLoopSynthesizesDimensionAsSoonAsItsAnalysisCompletes(t *testing.T) {
/home/antonioborgerees/coding/ultraplan/gauntlet-run/ultraplan-go/internal/study/run_loop_test.go:276:func TestRunLoopStartsPriorityTierBeforeLaterTiers(t *testing.T) {
/home/antonioborgerees/coding/ultraplan/gauntlet-run/ultraplan-go/internal/study/run_loop_test.go:307:func TestRunLoopCancellationDoesNotCancelUnscheduledTasks(t *testing.T) {
/home/antonioborgerees/coding/ultraplan/gauntlet-run/ultraplan-go/internal/study/run_loop_test.go:339:func TestRunLoopMarksSynthesisFailedWhenDependenciesTerminal(t *testing.T) {
/home/antonioborgerees/coding/ultraplan/gauntlet-run/ultraplan-go/internal/study/run_test.go:15:type fakeRuntime struct {
/home/antonioborgerees/coding/ultraplan/gauntlet-run/ultraplan-go/internal/study/run_test.go:48:func TestRunAnalysisContinuesCompatibleInterruptedSession(t *testing.T) {
/home/antonioborgerees/coding/ultraplan/gauntlet-run/ultraplan-go/internal/study/run_test.go:75:func TestRunAnalysisStartsFreshWhenStudyInputChanged(t *testing.T) {
/home/antonioborgerees/coding/ultraplan/gauntlet-run/ultraplan-go/internal/study/run_test.go:112:func TestRunAnalysisFallsBackOnceWhenContinuationFails(t *testing.T) {
/home/antonioborgerees/coding/ultraplan/gauntlet-run/ultraplan-go/internal/study/run_test.go:131:func TestRunAnalysisSuccessMapsRuntimeRequestAndValidates(t *testing.T) {
/home/antonioborgerees/coding/ultraplan/gauntlet-run/ultraplan-go/internal/study/run_test.go:167:func TestRunAnalysisRuntimeFailureAndValidationFailures(t *testing.T) {
/home/antonioborgerees/coding/ultraplan/gauntlet-run/ultraplan-go/internal/study/run_test.go:200:func TestRunAnalysisRecoversCleanRuntimeExitWhenReportValidates(t *testing.T) {
/home/antonioborgerees/coding/ultraplan/gauntlet-run/ultraplan-go/internal/study/run_test.go:219:func TestRunAnalysisWarnsWhenRuntimeEditsSourceFiles(t *testing.T) {
/home/antonioborgerees/coding/ultraplan/gauntlet-run/ultraplan-go/internal/study/run_test.go:242:func TestRunAnalysisSkipsInapplicableMarkdownWithoutRuntime(t *testing.T) {
/home/antonioborgerees/coding/ultraplan/gauntlet-run/ultraplan-go/internal/study/run_test.go:255:func TestSynthesizeSuccessPreflightBlockAndFinalValidation(t *testing.T) {
/home/antonioborgerees/coding/ultraplan/gauntlet-run/ultraplan-go/internal/study/run_test.go:295:func TestSynthesizePreservesRuntimeFailureCause(t *testing.T) {
/home/antonioborgerees/coding/ultraplan/gauntlet-run/ultraplan-go/internal/study/run_test.go:312:func TestSynthesizeRecoversCleanRuntimeExitWhenFinalReportValidates(t *testing.T) {
/home/antonioborgerees/coding/ultraplan/gauntlet-run/ultraplan-go/internal/study/study_test.go:11:func TestDimensionFromFileNormalizesIdentity(t *testing.T) {
/home/antonioborgerees/coding/ultraplan/gauntlet-run/ultraplan-go/internal/study/study_test.go:31:func TestDimensionFromFileSupportsDottedHierarchy(t *testing.T) {
/home/antonioborgerees/coding/ultraplan/gauntlet-run/ultraplan-go/internal/study/study_test.go:51:func TestDiscoverStudiesIsSortedAndIgnoresHiddenAndFiles(t *testing.T) {
/home/antonioborgerees/coding/ultraplan/gauntlet-run/ultraplan-go/internal/study/study_test.go:67:func TestDiscoverSourcesIsSortedShallowAndIncludesMarkdown(t *testing.T) {
/home/antonioborgerees/coding/ultraplan/gauntlet-run/ultraplan-go/internal/study/study_test.go:100:func TestDiscoverSourcesAppliesSourceMetadataToDirectorySources(t *testing.T) {
/home/antonioborgerees/coding/ultraplan/gauntlet-run/ultraplan-go/internal/study/study_test.go:119:func TestDiscoverSourcesAppliesSourceLocalMetadataToDirectorySources(t *testing.T) {
/home/antonioborgerees/coding/ultraplan/gauntlet-run/ultraplan-go/internal/study/study_test.go:133:func TestMarkdownFrontmatterParsingAndStripping(t *testing.T) {
/home/antonioborgerees/coding/ultraplan/gauntlet-run/ultraplan-go/internal/study/study_test.go:164:func TestDiscoverSourcesReportsInvalidApplicabilityWithPathAndValue(t *testing.T) {
/home/antonioborgerees/coding/ultraplan/gauntlet-run/ultraplan-go/internal/study/study_test.go:182:func TestGetApplicableSourcesPreservesOrderAndFiltersSources(t *testing.T) {
/home/antonioborgerees/coding/ultraplan/gauntlet-run/ultraplan-go/internal/study/study_test.go:195:func TestDiscoverDimensionsIsSortedAndFilenameDerived(t *testing.T) {
/home/antonioborgerees/coding/ultraplan/gauntlet-run/ultraplan-go/internal/study/study_test.go:225:func TestAbsentDirectoriesAreEmpty(t *testing.T) {
/home/antonioborgerees/coding/ultraplan/gauntlet-run/ultraplan-go/internal/study/study_test.go:252:func TestResolveStudyExactPrefixMissingAndAmbiguous(t *testing.T) {
/home/antonioborgerees/coding/ultraplan/gauntlet-run/ultraplan-go/internal/study/study_test.go:274:func TestResolveSourceExactPrefixMissingAndAmbiguous(t *testing.T) {
/home/antonioborgerees/coding/ultraplan/gauntlet-run/ultraplan-go/internal/study/study_test.go:296:func TestResolveDimensionAliasesPrefixMissingAndAmbiguous(t *testing.T) {
[0m
[0m→ [0mRead /home/antonioborgerees/coding/ultraplan/gauntlet-run/ultraplan-go/internal/study/run_test.go[90m [limit=140][0m
[0m→ [0mRead /home/antonioborgerees/coding/ultraplan/gauntlet-run/ultraplan-go/internal/app/app.go
[0m→ [0mRead /home/antonioborgerees/coding/ultraplan/gauntlet-run/ultraplan-go/internal/app/durable_operations.go
[0m→ [0mRead /home/antonioborgerees/coding/ultraplan/gauntlet-run/ultraplan-go/internal/app/durable_operations_test.go
[0m
[0m$ [0mgrep -n "func Test\|fakeClock\|Clock\|WithClock" /home/antonioborgerees/coding/ultraplan/gauntlet-run/ultraplan-go/internal/runcontrol/lifecycle_test.go | head -40; echo ===; grep -rn "type .*[Cc]lock\|WithClock" /home/antonioborgerees/coding/ultraplan/gauntlet-run/ultraplan-go/internal --include="*.go" | grep -v "_test"
11:type mutableClock struct{ at time.Time }
13:func (c *mutableClock) Now() time.Time { return c.at }
26:func TestHeartbeatAndDurableCancellationAreFencedAndIdempotent(t *testing.T) {
28:	clock := &mutableClock{at: time.Date(2026, 8, 21, 10, 0, 0, 0, time.UTC)}
29:	repository, err := OpenSQLite(ctx, t.TempDir(), SQLiteOptions{Clock: clock})
80:func TestCompletionMayWinAfterCancellationAndTerminalCancelIsIdempotent(t *testing.T) {
102:func TestEveryTerminalOutcomeUsesOneImmutableArbitrationPath(t *testing.T) {
119:func TestCancellationAndTerminalRacePreservesOneWinnerAndIdempotentCommand(t *testing.T) {
176:func TestReconcileUsesExactProcessBirthAndNeverInfersSuccess(t *testing.T) {
192:			clock := &mutableClock{at: time.Date(2026, 8, 21, 10, 0, 0, 0, time.UTC)}
193:			repository, err := OpenSQLite(ctx, t.TempDir(), SQLiteOptions{Clock: clock})
233:func TestReconcileClockJumpNeverExpiresAnOwnerEarly(t *testing.T) {
235:	clock := &mutableClock{at: time.Date(2026, 8, 21, 10, 0, 0, 0, time.UTC)}
236:	repository, err := OpenSQLite(ctx, t.TempDir(), SQLiteOptions{Clock: clock})
261:func TestReconcileTerminalizesAcceptanceThatWasNeverClaimedAfterGrace(t *testing.T) {
263:	clock := &mutableClock{at: time.Date(2026, 8, 21, 10, 0, 0, 0, time.UTC)}
264:	repository, err := OpenSQLite(ctx, t.TempDir(), SQLiteOptions{Clock: clock})
313:func TestNativeProcessProbeReturnsExactCurrentLinuxIdentity(t *testing.T) {
===
/home/antonioborgerees/coding/ultraplan/gauntlet-run/ultraplan-go/internal/runcontrol/interfaces.go:9:type Clock interface {
/home/antonioborgerees/coding/ultraplan/gauntlet-run/ultraplan-go/internal/runcontrol/interfaces.go:13:type WallClock struct{}
/home/antonioborgerees/coding/ultraplan/gauntlet-run/ultraplan-go/internal/sprint/service.go:40:// WithClock supplies a deterministic clock for state-transition tests.
/home/antonioborgerees/coding/ultraplan/gauntlet-run/ultraplan-go/internal/sprint/service.go:41:func (s Service) WithClock(now func() time.Time) Service {
[0m
[0m$ [0mgrep -rn "RetryAfter\|retry" /home/antonioborgerees/coding/ultraplan/gauntlet-run/ultraplan-go/internal/study/*_test.go | head -30; echo ===; cat /home/antonioborgerees/coding/ultraplan/gauntlet-run/ultraplan-go/internal/study/memory_pressure.go
/home/antonioborgerees/coding/ultraplan/gauntlet-run/ultraplan-go/internal/study/state_test.go:118:	state.Tasks[0].Agent.Policy.Decisions = []PolicyDecisionMetadata{{Kind: "retry", Detail: huge}}
/home/antonioborgerees/coding/ultraplan/gauntlet-run/ultraplan-go/internal/study/state_test.go:278:	retry := time.Date(2026, 5, 31, 13, 0, 0, 0, time.UTC)
/home/antonioborgerees/coding/ultraplan/gauntlet-run/ultraplan-go/internal/study/state_test.go:288:		{Status: TaskStatusRetrying, RetryAfter: &retry},
===
package study

import (
	"bufio"
	"os"
	"strconv"
	"strings"
)

const gibibyte = uint64(1024 * 1024 * 1024)

type memoryPressure struct {
	AvailableBytes uint64
	Stretched      bool
	Recovered      bool
}

func readMemoryPressure() memoryPressure {
	file, err := os.Open("/proc/meminfo")
	if err != nil {
		return memoryPressure{}
	}
	defer file.Close()
	values := map[string]uint64{}
	scanner := bufio.NewScanner(file)
	for scanner.Scan() {
		fields := strings.Fields(scanner.Text())
		if len(fields) < 2 {
			continue
		}
		value, err := strconv.ParseUint(fields[1], 10, 64)
		if err == nil {
			values[strings.TrimSuffix(fields[0], ":")] = value * 1024
		}
	}
	total := values["MemTotal"]
	available := values["MemAvailable"]
	if total == 0 || available == 0 {
		return memoryPressure{}
	}
	stretchThreshold := total * 15 / 100
	if stretchThreshold < gibibyte {
		stretchThreshold = gibibyte
	}
	recoveryThreshold := total * 25 / 100
	if recoveryThreshold < gibibyte+gibibyte/2 {
		recoveryThreshold = gibibyte + gibibyte/2
	}
	return memoryPressure{AvailableBytes: available, Stretched: available < stretchThreshold, Recovered: available > recoveryThreshold}
}
[0m
[0m$ [0mgrep -rn "readMemoryPressure\|memoryPressure\|throttled\|EffectiveParallelism\|MemoryAvailable" /home/antonioborgerees/coding/ultraplan/gauntlet-run/ultraplan-go/internal/study --include="*_test.go" | head; echo ===; grep -rn "runtime_validation\|RuntimeValidation" /home/antonioborgerees/coding/ultraplan/gauntlet-run/ultraplan-go/internal/sprint/runtime_validation.go | head -3
===
[0m
[0m→ [0mRead /home/antonioborgerees/coding/ultraplan/gauntlet-run/ultraplan-go/internal/study/run_loop_diagnostics.go[90m [command=grep -n "ServerPolicy\|policy" /home/antonioborgerees/coding/ultraplan/gauntlet-run/ultraplan-go/internal/web/server.go | head -30][0m
[0m
[0m$ [0mgrep -n "func Test" /home/antonioborgerees/coding/ultraplan/gauntlet-run/ultraplan-go/internal/study/run_loop_diagnostics_test.go; echo ===; sed -n 1,60p /home/antonioborgerees/coding/ultraplan/gauntlet-run/ultraplan-go/internal/study/run_loop_diagnostics_test.go
11:func TestRunLoopDiagnosticsWritesMemorySample(t *testing.T) {
44:func TestSnapshotFilesSkipsInternalStateAndGitData(t *testing.T) {
===
package study

import (
	"bufio"
	"encoding/json"
	"os"
	"path/filepath"
	"testing"
)

func TestRunLoopDiagnosticsWritesMemorySample(t *testing.T) {
	study := Study{Name: "sample", Path: t.TempDir()}
	statePath := RunStatePath(study)
	if err := os.MkdirAll(filepath.Dir(statePath), 0o755); err != nil {
		t.Fatal(err)
	}
	if err := os.WriteFile(statePath, []byte("state"), 0o644); err != nil {
		t.Fatal(err)
	}
	diagnostics := newRunLoopDiagnostics(study, "run-1")
	diagnostics.sample("state.save.end", "task-1", 0, nil)

	file, err := os.Open(diagnostics.path)
	if err != nil {
		t.Fatal(err)
	}
	defer file.Close()
	scanner := bufio.NewScanner(file)
	if !scanner.Scan() {
		t.Fatalf("missing diagnostic sample: %v", scanner.Err())
	}
	var sample runLoopMemorySample
	if err := json.Unmarshal(scanner.Bytes(), &sample); err != nil {
		t.Fatal(err)
	}
	if sample.RunID != "run-1" || sample.Phase != "state.save.end" || sample.TaskID != "task-1" {
		t.Fatalf("unexpected sample: %+v", sample)
	}
	if sample.StateBytes != 5 || sample.HeapAllocBytes == 0 || sample.Goroutines == 0 {
		t.Fatalf("missing memory facts: %+v", sample)
	}
}

func TestSnapshotFilesSkipsInternalStateAndGitData(t *testing.T) {
	root := t.TempDir()
	visible := filepath.Join(root, "source.go")
	internal := filepath.Join(root, RunStateDirName, RunStateFileName)
	gitObject := filepath.Join(root, ".git", "objects", "object")
	for path, content := range map[string]string{visible: "visible", internal: "state", gitObject: "object"} {
		if err := os.MkdirAll(filepath.Dir(path), 0o755); err != nil {
			t.Fatal(err)
		}
		if err := os.WriteFile(path, []byte(content), 0o644); err != nil {
			t.Fatal(err)
		}
	}
	snapshot, err := snapshotFiles(root)
	if err != nil {
		t.Fatal(err)
	}
[0m
[0m$ [0mgrep -n "func Test" /home/antonioborgerees/coding/ultraplan/gauntlet-run/ultraplan-go/internal/web/server_test.go /home/antonioborgerees/coding/ultraplan/gauntlet-run/ultraplan-go/internal/web/sse_test.go /home/antonioborgerees/coding/ultraplan/gauntlet-run/ultraplan-go/internal/web/operations_test.go /home/antonioborgerees/coding/ultraplan/gauntlet-run/ultraplan-go/internal/web/api_compatibility_test.go /home/antonioborgerees/coding/ultraplan/gauntlet-run/ultraplan-go/internal/web/packaging_test.go /home/antonioborgerees/coding/ultraplan/gauntlet-run/ultraplan-go/internal/web/integration_test.go 2>/dev/null
/home/antonioborgerees/coding/ultraplan/gauntlet-run/ultraplan-go/internal/web/server_test.go:38:func TestServerLifecycleCanonicalURLLauncherWarningAndShutdown(t *testing.T) {
/home/antonioborgerees/coding/ultraplan/gauntlet-run/ultraplan-go/internal/web/server_test.go:87:func TestServerListenFailureAndPolicyRecheck(t *testing.T) {
/home/antonioborgerees/coding/ultraplan/gauntlet-run/ultraplan-go/internal/web/server_test.go:103:func TestHealthUnavailableIsTruthfulAndCheap(t *testing.T) {
/home/antonioborgerees/coding/ultraplan/gauntlet-run/ultraplan-go/internal/web/sse_test.go:9:func TestSSEFrameUsesStableDecimalIDAndEventName(t *testing.T) {
/home/antonioborgerees/coding/ultraplan/gauntlet-run/ultraplan-go/internal/web/sse_test.go:22:func TestEventIDValidation(t *testing.T) {
/home/antonioborgerees/coding/ultraplan/gauntlet-run/ultraplan-go/internal/web/operations_test.go:124:func TestOperationHubLifecycleCancellationAndSessionOwnership(t *testing.T) {
/home/antonioborgerees/coding/ultraplan/gauntlet-run/ultraplan-go/internal/web/operations_test.go:162:func TestOperationHubDrainCancelsOwnedWorkAndRejectsNewStarts(t *testing.T) {
/home/antonioborgerees/coding/ultraplan/gauntlet-run/ultraplan-go/internal/web/operations_test.go:181:func TestOperationHubDeadlinePersistsCleanupUncertaintyBeforeTerminalProjection(t *testing.T) {
/home/antonioborgerees/coding/ultraplan/gauntlet-run/ultraplan-go/internal/web/operations_test.go:209:func TestOperationHubRejectsNinthActiveOperation(t *testing.T) {
/home/antonioborgerees/coding/ultraplan/gauntlet-run/ultraplan-go/internal/web/operations_test.go:234:func TestOperationHubBoundsReplayAndSlowSubscriberIsolation(t *testing.T) {
/home/antonioborgerees/coding/ultraplan/gauntlet-run/ultraplan-go/internal/web/operations_test.go:270:func TestPreparationStoreBindingExpiryReplayAndCapacity(t *testing.T) {
/home/antonioborgerees/coding/ultraplan/gauntlet-run/ultraplan-go/internal/web/operations_test.go:302:func TestOperationHTTPPrepareStartSSEAndCancel(t *testing.T) {
/home/antonioborgerees/coding/ultraplan/gauntlet-run/ultraplan-go/internal/web/operations_test.go:387:func TestOperationHTTPStrictJSONAndCSRF(t *testing.T) {
/home/antonioborgerees/coding/ultraplan/gauntlet-run/ultraplan-go/internal/web/operations_test.go:401:func TestOperationRequestAllowlistSupportsProjectSprintAndStudyValidation(t *testing.T) {
/home/antonioborgerees/coding/ultraplan/gauntlet-run/ultraplan-go/internal/web/operations_test.go:413:func TestOperationProjectionRedactsBeforeRetention(t *testing.T) {
/home/antonioborgerees/coding/ultraplan/gauntlet-run/ultraplan-go/internal/web/operations_test.go:434:func TestOperationErrorResponseIncludesSafeCauseAndGuidance(t *testing.T) {
/home/antonioborgerees/coding/ultraplan/gauntlet-run/ultraplan-go/internal/web/operations_test.go:448:func TestServerRenderedOperationFlowWorksWithoutJavaScript(t *testing.T) {
/home/antonioborgerees/coding/ultraplan/gauntlet-run/ultraplan-go/internal/web/operations_test.go:478:func TestAddSprintFormBuildsSafeSprintReference(t *testing.T) {
/home/antonioborgerees/coding/ultraplan/gauntlet-run/ultraplan-go/internal/web/operations_test.go:497:func TestSingleStageOperationMapping(t *testing.T) {
/home/antonioborgerees/coding/ultraplan/gauntlet-run/ultraplan-go/internal/web/api_compatibility_test.go:14:func TestAPICompatibilityRouteMethodMatrix(t *testing.T) {
/home/antonioborgerees/coding/ultraplan/gauntlet-run/ultraplan-go/internal/web/api_compatibility_test.go:50:func TestAPICompatibilityTransportSchemas(t *testing.T) {
/home/antonioborgerees/coding/ultraplan/gauntlet-run/ultraplan-go/internal/web/api_compatibility_test.go:82:func TestAPICompatibilityErrorsAndCachePolicy(t *testing.T) {
/home/antonioborgerees/coding/ultraplan/gauntlet-run/ultraplan-go/internal/web/packaging_test.go:15:func TestPackagedBinaryServesEmbeddedAssetsOutsideSourceTree(t *testing.T) {
/home/antonioborgerees/coding/ultraplan/gauntlet-run/ultraplan-go/internal/web/integration_test.go:17:func TestIntegrationStudyAndSprintSurfaceAgreement(t *testing.T) {
[0m
[0m→ [0mRead /home/antonioborgerees/coding/ultraplan/gauntlet-run/ultraplan-go/internal/web/operations_test.go[90m [limit=125][0m
[0m
[0m$ [0mgrep -n "PreparationTTL\|TerminalRetention\|SSEHeartbeat\|MaxStreamLifetime\|time.Now\|time.Since\|Ticker" /home/antonioborgerees/coding/ultraplan/gauntlet-run/ultraplan-go/internal/web/operations.go | head -40; echo ===; grep -rn "func newHub\|type operationHub\|hub{" /home/antonioborgerees/coding/ultraplan/gauntlet-run/ultraplan-go/internal/web/operations.go | head
21:	PreparationTTL             = 2 * time.Minute
29:	TerminalRetention          = 10 * time.Minute
30:	SSEHeartbeat               = 15 * time.Second
31:	MaxStreamLifetime          = 30 * time.Minute
138:		now = time.Now
566:		if record.doc.FinishedAt != nil && now.Sub(*record.doc.FinishedAt) >= TerminalRetention {
===
105:type operationHub struct {
[0m
[0m→ [0mRead /home/antonioborgerees/coding/ultraplan/gauntlet-run/ultraplan-go/internal/web/operations.go[90m [limit=160][0m
[0m
[0m$ [0mgrep -n "policy\.\|Policy\b\|DefaultServerPolicy\|ValidateServerPolicy" /home/antonioborgerees/coding/ultraplan/gauntlet-run/ultraplan-go/internal/web/server.go | head -30; echo ===; grep -rn "TerminalRetention\|PreparationTTL\|SSEHeartbeat\|MaxStreamLifetime\|SubscriberQueueSize\|MaxEventsPerOperation" /home/antonioborgerees/coding/ultraplan/gauntlet-run/ultraplan-go/internal/web/*.go | grep -v "_test\|server_policy" | head -30
46:	if err := ValidateServerPolicy(DefaultServerPolicy()); err != nil {
===
/home/antonioborgerees/coding/ultraplan/gauntlet-run/ultraplan-go/internal/web/operation_handlers.go:242:	_ = http.NewResponseController(w).SetWriteDeadline(h.now().Add(MaxStreamLifetime + SSEHeartbeat))
/home/antonioborgerees/coding/ultraplan/gauntlet-run/ultraplan-go/internal/web/operation_handlers.go:253:	heartbeat := time.NewTicker(SSEHeartbeat)
/home/antonioborgerees/coding/ultraplan/gauntlet-run/ultraplan-go/internal/web/operation_handlers.go:255:	lifetime := time.NewTimer(MaxStreamLifetime)
/home/antonioborgerees/coding/ultraplan/gauntlet-run/ultraplan-go/internal/web/operation_handlers.go:458:	heartbeat := time.NewTicker(SSEHeartbeat)
/home/antonioborgerees/coding/ultraplan/gauntlet-run/ultraplan-go/internal/web/operation_handlers.go:460:	lifetime := time.NewTimer(MaxStreamLifetime)
/home/antonioborgerees/coding/ultraplan/gauntlet-run/ultraplan-go/internal/web/operations.go:21:	PreparationTTL             = 2 * time.Minute
/home/antonioborgerees/coding/ultraplan/gauntlet-run/ultraplan-go/internal/web/operations.go:22:	MaxEventsPerOperation      = 256
/home/antonioborgerees/coding/ultraplan/gauntlet-run/ultraplan-go/internal/web/operations.go:28:	SubscriberQueueSize        = 32
/home/antonioborgerees/coding/ultraplan/gauntlet-run/ultraplan-go/internal/web/operations.go:29:	TerminalRetention          = 10 * time.Minute
/home/antonioborgerees/coding/ultraplan/gauntlet-run/ultraplan-go/internal/web/operations.go:30:	SSEHeartbeat               = 15 * time.Second
/home/antonioborgerees/coding/ultraplan/gauntlet-run/ultraplan-go/internal/web/operations.go:31:	MaxStreamLifetime          = 30 * time.Minute
/home/antonioborgerees/coding/ultraplan/gauntlet-run/ultraplan-go/internal/web/operations.go:402:	sub := &operationSubscriber{id: record.nextSubID, ch: make(chan operationEvent, SubscriberQueueSize)}
/home/antonioborgerees/coding/ultraplan/gauntlet-run/ultraplan-go/internal/web/operations.go:450:	for len(record.events) > MaxEventsPerOperation || record.eventBytes > MaxEventBytesPerOperation {
/home/antonioborgerees/coding/ultraplan/gauntlet-run/ultraplan-go/internal/web/operations.go:566:		if record.doc.FinishedAt != nil && now.Sub(*record.doc.FinishedAt) >= TerminalRetention {
/home/antonioborgerees/coding/ultraplan/gauntlet-run/ultraplan-go/internal/web/security.go:405:		Confirmation: confirmation, ExpiresAt: s.now().UTC().Add(PreparationTTL),
[0m
[0m→ [0mRead /home/antonioborgerees/coding/ultraplan/gauntlet-run/ultraplan-go/internal/web/server.go
[0m
[0m$ [0mfind /home/antonioborgerees/coding/ultraplan/gauntlet-run/ultraplan-workspace -type f | head -60
/home/antonioborgerees/coding/ultraplan/gauntlet-run/ultraplan-workspace/.git/hooks/applypatch-msg.sample
/home/antonioborgerees/coding/ultraplan/gauntlet-run/ultraplan-workspace/.git/hooks/commit-msg.sample
/home/antonioborgerees/coding/ultraplan/gauntlet-run/ultraplan-workspace/.git/hooks/fsmonitor-watchman.sample
/home/antonioborgerees/coding/ultraplan/gauntlet-run/ultraplan-workspace/.git/hooks/post-update.sample
/home/antonioborgerees/coding/ultraplan/gauntlet-run/ultraplan-workspace/.git/hooks/pre-applypatch.sample
/home/antonioborgerees/coding/ultraplan/gauntlet-run/ultraplan-workspace/.git/hooks/pre-commit.sample
/home/antonioborgerees/coding/ultraplan/gauntlet-run/ultraplan-workspace/.git/hooks/pre-merge-commit.sample
/home/antonioborgerees/coding/ultraplan/gauntlet-run/ultraplan-workspace/.git/hooks/pre-push.sample
/home/antonioborgerees/coding/ultraplan/gauntlet-run/ultraplan-workspace/.git/hooks/pre-rebase.sample
/home/antonioborgerees/coding/ultraplan/gauntlet-run/ultraplan-workspace/.git/hooks/pre-receive.sample
/home/antonioborgerees/coding/ultraplan/gauntlet-run/ultraplan-workspace/.git/hooks/prepare-commit-msg.sample
/home/antonioborgerees/coding/ultraplan/gauntlet-run/ultraplan-workspace/.git/hooks/push-to-checkout.sample
/home/antonioborgerees/coding/ultraplan/gauntlet-run/ultraplan-workspace/.git/hooks/sendemail-validate.sample
/home/antonioborgerees/coding/ultraplan/gauntlet-run/ultraplan-workspace/.git/hooks/update.sample
/home/antonioborgerees/coding/ultraplan/gauntlet-run/ultraplan-workspace/.git/info/exclude
/home/antonioborgerees/coding/ultraplan/gauntlet-run/ultraplan-workspace/.git/description
/home/antonioborgerees/coding/ultraplan/gauntlet-run/ultraplan-workspace/.git/objects/pack/pack-15ab158ad2a54d98b7d4c1d6d23468d2a1842a35.pack
/home/antonioborgerees/coding/ultraplan/gauntlet-run/ultraplan-workspace/.git/objects/pack/pack-15ab158ad2a54d98b7d4c1d6d23468d2a1842a35.rev
/home/antonioborgerees/coding/ultraplan/gauntlet-run/ultraplan-workspace/.git/objects/pack/pack-15ab158ad2a54d98b7d4c1d6d23468d2a1842a35.idx
/home/antonioborgerees/coding/ultraplan/gauntlet-run/ultraplan-workspace/.git/refs/heads/main
/home/antonioborgerees/coding/ultraplan/gauntlet-run/ultraplan-workspace/.git/refs/remotes/origin/HEAD
/home/antonioborgerees/coding/ultraplan/gauntlet-run/ultraplan-workspace/.git/packed-refs
/home/antonioborgerees/coding/ultraplan/gauntlet-run/ultraplan-workspace/.git/logs/refs/remotes/origin/HEAD
/home/antonioborgerees/coding/ultraplan/gauntlet-run/ultraplan-workspace/.git/logs/refs/heads/main
/home/antonioborgerees/coding/ultraplan/gauntlet-run/ultraplan-workspace/.git/logs/HEAD
/home/antonioborgerees/coding/ultraplan/gauntlet-run/ultraplan-workspace/.git/config
/home/antonioborgerees/coding/ultraplan/gauntlet-run/ultraplan-workspace/.git/HEAD
/home/antonioborgerees/coding/ultraplan/gauntlet-run/ultraplan-workspace/.git/index
/home/antonioborgerees/coding/ultraplan/gauntlet-run/ultraplan-workspace/.agents/skills/ultraplan-area-reasoning/SKILL.md
/home/antonioborgerees/coding/ultraplan/gauntlet-run/ultraplan-workspace/.agents/skills/ultraplan-area-reasoning/agents/openai.yaml
/home/antonioborgerees/coding/ultraplan/gauntlet-run/ultraplan-workspace/.agents/skills/ultraplan-execute/SKILL.md
/home/antonioborgerees/coding/ultraplan/gauntlet-run/ultraplan-workspace/.agents/skills/ultraplan-execute/agents/openai.yaml
/home/antonioborgerees/coding/ultraplan/gauntlet-run/ultraplan-workspace/.agents/skills/ultraplan-plan/SKILL.md
/home/antonioborgerees/coding/ultraplan/gauntlet-run/ultraplan-workspace/.agents/skills/ultraplan-plan/agents/openai.yaml
/home/antonioborgerees/coding/ultraplan/gauntlet-run/ultraplan-workspace/.agents/skills/ultraplan-reasoning/SKILL.md
/home/antonioborgerees/coding/ultraplan/gauntlet-run/ultraplan-workspace/.agents/skills/ultraplan-reasoning/agents/openai.yaml
/home/antonioborgerees/coding/ultraplan/gauntlet-run/ultraplan-workspace/.agents/skills/ultraplan-reconcile-review-smoke/SKILL.md
/home/antonioborgerees/coding/ultraplan/gauntlet-run/ultraplan-workspace/.agents/skills/ultraplan-reconcile-review-smoke/agents/openai.yaml
/home/antonioborgerees/coding/ultraplan/gauntlet-run/ultraplan-workspace/.agents/skills/ultraplan-requirements/SKILL.md
/home/antonioborgerees/coding/ultraplan/gauntlet-run/ultraplan-workspace/.agents/skills/ultraplan-requirements/agents/openai.yaml
/home/antonioborgerees/coding/ultraplan/gauntlet-run/ultraplan-workspace/.agents/skills/ultraplan-review/SKILL.md
/home/antonioborgerees/coding/ultraplan/gauntlet-run/ultraplan-workspace/.agents/skills/ultraplan-review/agents/openai.yaml
/home/antonioborgerees/coding/ultraplan/gauntlet-run/ultraplan-workspace/.agents/skills/ultraplan-smoke/SKILL.md
/home/antonioborgerees/coding/ultraplan/gauntlet-run/ultraplan-workspace/.agents/skills/ultraplan-smoke/agents/openai.yaml
/home/antonioborgerees/coding/ultraplan/gauntlet-run/ultraplan-workspace/.agents/skills/ultraplan-sprint-index/SKILL.md
/home/antonioborgerees/coding/ultraplan/gauntlet-run/ultraplan-workspace/.agents/skills/ultraplan-sprint-index/agents/openai.yaml
/home/antonioborgerees/coding/ultraplan/gauntlet-run/ultraplan-workspace/.agents/skills/ultraplan-technical-handbook/SKILL.md
/home/antonioborgerees/coding/ultraplan/gauntlet-run/ultraplan-workspace/.agents/skills/ultraplan-technical-handbook/agents/openai.yaml
/home/antonioborgerees/coding/ultraplan/gauntlet-run/ultraplan-workspace/.gitignore
/home/antonioborgerees/coding/ultraplan/gauntlet-run/ultraplan-workspace/README.md
/home/antonioborgerees/coding/ultraplan/gauntlet-run/ultraplan-workspace/previews/agent-harness-24.01-langgraph-prompt.md
/home/antonioborgerees/coding/ultraplan/gauntlet-run/ultraplan-workspace/previews/builtin-fallback-24.01-langgraph.md
/home/antonioborgerees/coding/ultraplan/gauntlet-run/ultraplan-workspace/previews/builtin-fallback-24.02-langgraph.md
/home/antonioborgerees/coding/ultraplan/gauntlet-run/ultraplan-workspace/previews/fresh-run-24.01-langgraph-prompt-after-abs-path.md
/home/antonioborgerees/coding/ultraplan/gauntlet-run/ultraplan-workspace/previews/fresh-run-24.01-langgraph-prompt-after-output-fix.md
/home/antonioborgerees/coding/ultraplan/gauntlet-run/ultraplan-workspace/previews/fresh-run-24.01-langgraph-prompt.md
/home/antonioborgerees/coding/ultraplan/gauntlet-run/ultraplan-workspace/previews/injected-analysis-check.md
/home/antonioborgerees/coding/ultraplan/gauntlet-run/ultraplan-workspace/previews/single-source-dimension-check.md
/home/antonioborgerees/coding/ultraplan/gauntlet-run/ultraplan-workspace/previews/spike-24.01-langgraph-after-path-fix.md
/home/antonioborgerees/coding/ultraplan/gauntlet-run/ultraplan-workspace/previews/spike-24.01-langgraph-full-template.md
[0m
[0m$ [0mls /home/antonioborgerees/coding/ultraplan/gauntlet-run/ultraplan-workspace/projects /home/antonioborgerees/coding/ultraplan/gauntlet-run/ultraplan-workspace/studies /home/antonioborgerees/coding/ultraplan/gauntlet-run/ultraplan-workspace/system 2>/dev/null; find /home/antonioborgerees/coding/ultraplan/gauntlet-run/ultraplan-workspace/projects -name "*.md" | head -30
/home/antonioborgerees/coding/ultraplan/gauntlet-run/ultraplan-workspace/projects:
aren-phase-01-execution-lifecycle
ultraplan-go

/home/antonioborgerees/coding/ultraplan/gauntlet-run/ultraplan-workspace/studies:
agent-harness-study
go-cli-study
ultraplan-daemon-events-study

/home/antonioborgerees/coding/ultraplan/gauntlet-run/ultraplan-workspace/system:
contracts
protocols
reasoning
/home/antonioborgerees/coding/ultraplan/gauntlet-run/ultraplan-workspace/projects/aren-phase-01-execution-lifecycle/docs/PRD.md
/home/antonioborgerees/coding/ultraplan/gauntlet-run/ultraplan-workspace/projects/aren-phase-01-execution-lifecycle/project-index.md
/home/antonioborgerees/coding/ultraplan/gauntlet-run/ultraplan-workspace/projects/aren-phase-01-execution-lifecycle/roadmap.md
/home/antonioborgerees/coding/ultraplan/gauntlet-run/ultraplan-workspace/projects/ultraplan-go/docs/ARCHITECTURE.md
/home/antonioborgerees/coding/ultraplan/gauntlet-run/ultraplan-workspace/projects/ultraplan-go/docs/PRD.md
/home/antonioborgerees/coding/ultraplan/gauntlet-run/ultraplan-workspace/projects/ultraplan-go/docs/TRD.md
/home/antonioborgerees/coding/ultraplan/gauntlet-run/ultraplan-workspace/projects/ultraplan-go/project-index.md
/home/antonioborgerees/coding/ultraplan/gauntlet-run/ultraplan-workspace/projects/ultraplan-go/roadmap.md
/home/antonioborgerees/coding/ultraplan/gauntlet-run/ultraplan-workspace/projects/ultraplan-go/sprints/01-cli-foundation/plan.md
/home/antonioborgerees/coding/ultraplan/gauntlet-run/ultraplan-workspace/projects/ultraplan-go/sprints/01-cli-foundation/reasoning.md
/home/antonioborgerees/coding/ultraplan/gauntlet-run/ultraplan-workspace/projects/ultraplan-go/sprints/01-cli-foundation/reasoning/architecture.md
/home/antonioborgerees/coding/ultraplan/gauntlet-run/ultraplan-workspace/projects/ultraplan-go/sprints/01-cli-foundation/requirements.md
/home/antonioborgerees/coding/ultraplan/gauntlet-run/ultraplan-workspace/projects/ultraplan-go/sprints/01-cli-foundation/sprint-index.md
/home/antonioborgerees/coding/ultraplan/gauntlet-run/ultraplan-workspace/projects/ultraplan-go/sprints/01-cli-foundation/technical-handbook.md
/home/antonioborgerees/coding/ultraplan/gauntlet-run/ultraplan-workspace/projects/ultraplan-go/sprints/02-workspace-config-health/plan.md
/home/antonioborgerees/coding/ultraplan/gauntlet-run/ultraplan-workspace/projects/ultraplan-go/sprints/02-workspace-config-health/reasoning.md
/home/antonioborgerees/coding/ultraplan/gauntlet-run/ultraplan-workspace/projects/ultraplan-go/sprints/02-workspace-config-health/requirements.md
/home/antonioborgerees/coding/ultraplan/gauntlet-run/ultraplan-workspace/projects/ultraplan-go/sprints/02-workspace-config-health/sprint-index.md
/home/antonioborgerees/coding/ultraplan/gauntlet-run/ultraplan-workspace/projects/ultraplan-go/sprints/02-workspace-config-health/technical-handbook.md
/home/antonioborgerees/coding/ultraplan/gauntlet-run/ultraplan-workspace/projects/ultraplan-go/sprints/03-study-listing-resolution/plan.md
/home/antonioborgerees/coding/ultraplan/gauntlet-run/ultraplan-workspace/projects/ultraplan-go/sprints/03-study-listing-resolution/reasoning.md
/home/antonioborgerees/coding/ultraplan/gauntlet-run/ultraplan-workspace/projects/ultraplan-go/sprints/03-study-listing-resolution/reasoning/architecture.md
/home/antonioborgerees/coding/ultraplan/gauntlet-run/ultraplan-workspace/projects/ultraplan-go/sprints/03-study-listing-resolution/requirements.md
/home/antonioborgerees/coding/ultraplan/gauntlet-run/ultraplan-workspace/projects/ultraplan-go/sprints/03-study-listing-resolution/sprint-index.md
/home/antonioborgerees/coding/ultraplan/gauntlet-run/ultraplan-workspace/projects/ultraplan-go/sprints/03-study-listing-resolution/technical-handbook.md
/home/antonioborgerees/coding/ultraplan/gauntlet-run/ultraplan-workspace/projects/ultraplan-go/sprints/04-study-init-yaml/plan.md
/home/antonioborgerees/coding/ultraplan/gauntlet-run/ultraplan-workspace/projects/ultraplan-go/sprints/04-study-init-yaml/reasoning.md
/home/antonioborgerees/coding/ultraplan/gauntlet-run/ultraplan-workspace/projects/ultraplan-go/sprints/04-study-init-yaml/reasoning/architecture.md
/home/antonioborgerees/coding/ultraplan/gauntlet-run/ultraplan-workspace/projects/ultraplan-go/sprints/04-study-init-yaml/requirements.md
/home/antonioborgerees/coding/ultraplan/gauntlet-run/ultraplan-workspace/projects/ultraplan-go/sprints/04-study-init-yaml/sprint-index.md
[0m
[0m$ [0mgrep -n -i "test" /home/antonioborgerees/coding/ultraplan/gauntlet-run/ultraplan-workspace/projects/ultraplan-go/docs/TRD.md | head -40; echo ===ARCH===; grep -n -i "test\|seam\|fake\|fault" /home/antonioborgerees/coding/ultraplan/gauntlet-run/ultraplan-workspace/projects/ultraplan-go/docs/ARCHITECTURE.md | head -40
12:This document is implementation-oriented. It defines boundaries, modules, data models, state machines, validators, runtime contracts, error handling, and testing requirements. It does not prescribe every package name or third-party library, but it should be specific enough to guide implementation.
50:- Automatically fixing product code or tests during review or smoke.
102:The CLI must not become the only place where use cases are assembled. Shared application operations should be extracted from command-specific glue into testable structs/functions that CLI commands, TUI actions, and local HTTP handlers can call. Neither TUI nor web code should invoke `ultraplan` subprocesses for normal product behavior.
111:- Make state transitions explicit and testable.
112:- Prefer deterministic fixtures for tests.
113:- Do not require real OpenCode for normal unit tests.
355:- show smoke readiness, selected harness scope, prerequisites, expected cost/duration class, suite/test progress, external evidence links, open issues, verdict, reruns, and `smoke.md`
360:- normal unit tests must not require an interactive terminal
361:- TUI model/update logic should be testable with deterministic messages
362:- runtime-backed TUI behavior must use fake runtimes in normal tests and gated real-runtime smoke where available
363:- smoke-backed TUI behavior must use a fake harness in normal tests and the cataloged external harness only in gated tests
408:Normal tests must use `httptest`, fake app use cases, deterministic templates, fake runtimes, and fake smoke harnesses. Required coverage includes route/method errors, JSON compatibility, confirmation expiry/staleness, path escape, CSRF/origin rejection, hostile Markdown, SSE ordering/reconnect/slow subscribers, cancellation, shutdown, redaction, and CLI/TUI/web agreement.
1108:- Prompt builders must be unit-tested with golden fixtures.
1122:UltraPlan must not define a competing public runtime contract. Product code may define thin internal interfaces for testing and dependency injection, but the implementation boundary to agentic runtimes must be agentwrap's root package API:
2029:- explicit smoke level/suite/test selection, smoke timeout, and review-failure diagnostic override
2056:Before discovery on every non-dry smoke run, UltraPlan must invoke the configured smoke author model in the external harness. The author receives the governed sprint inputs, execute/review evidence, target implementation, deterministic test inventory, existing harness, and manifest-declared writable paths. It must create or update a durable sprint-specific suite for real boundaries that deterministic unit/integration tests cannot prove. Those boundaries include real provider/model behavior where the product path uses a provider, process and signal lifecycle, real filesystem/configuration, network, credentials, browser engines, timing, cancellation, and platform behavior. It must not duplicate ordinary deterministic verification or introduce a provider call into an otherwise offline product path.
2058:Harness discovery must return structured levels, suites, enumerated tests, per-test coverage IDs, sprint mappings with required coverage IDs, runtime/network/credential prerequisites, expected duration/cost class, and evidence schema version. A complete mapping with empty suites, empty tests, missing required coverage, or unassigned coverage must not pass. Smoke selection prefers the authored sprint-specific suite, then directly mapped suites, then explicit tests for investigation. A narrow passing rerun does not replace required evidence from its containing suite.
2067:- keep raw run JSON, stdout/stderr, per-test artifacts, and issue files in the harness
2068:- atomically write the linked human-readable sprint-root `smoke.md` after validating the authoring scope and enumerated executed test identities
2071:The product review/smoke workflows must not edit product source, product tests, governed sprint inputs, or Git state. Smoke authoring may edit only manifest-declared harness authoring paths; run and issue evidence remains confined to the manifest-declared evidence roots. Any other harness change or any product/governed-input identity change fails smoke.
2081:Normal tests use fake review runtimes and a fake smoke harness. Required tests cover success, findings, blocking failure, missing reviewer result, malformed structured output, stale inputs, missing harness, missing coverage, blocked environment, not-applicable scope, timeout, cancellation, malformed harness output, missing evidence, path escape, redaction, CLI/JSON/TUI agreement, and recovery.
2088:- automatic product/test fixes from findings
2169:File names may evolve with the actual component set, but the ownership and dependency layers are normative. Template parsing must fail at server startup on duplicate/invalid definitions. Focused tests must render representative primitives, components, layouts, and pages; validate complete no-JavaScript output; assert escaping of hostile values; and verify embedded asset paths, accessibility semantics, and absence of inline or third-party executable content.
2177:1. Sprint 33 adds the vertical slice: stage/state/artifact model, template and prompt, repository read boundary, output restriction, runtime config, validation, CLI/app/web surfaces, compatibility, and deterministic tests.
2180:Required tests include ordered-stage transitions, old flow-state compatibility, path/range validation, source-read/output-write isolation, fake runtime output, missing/invalid output, atomic rerun, model/variant fallback, CLI/JSON/TUI/web parity, exact prefix equality across representative downstream stages, absence of dynamic prefix data, flow execution exactly once, cancellation, and recovery.
2196:latest durable event sequence and retention boundary
2225:Every chosen mechanism must pass the same cross-process failure matrix: two CLI runs visible globally; a second supported server replaying and then following a current run; browser-session expiry; observer restart; abrupt owner death; stale lease and PID reuse; duplicate cancellation; completion/cancellation races; slow subscribers; cursor expiry; corrupt/torn records; disk-full or permission failure; bounded retention; and redaction. Tests must prove that operational records never override canonical product artifacts or stage verdicts.
2233:3. **Evidence QA and repair:** require isolated writable investigation workspaces before generated tests/probes; adjudicate evidence globally before issue promotion; permit production repair only from frozen evidence-backed issue packets; bound cycles and expose stalled/escalated outcomes.
2237:7. **Authority/cloud/Aren:** compare filesystem, SQLite/server, and hybrid publication modes on real work before choosing. Cloud and typed Aren artifact tools reuse proven application contracts; source edits/builds/tests remain sandboxed filesystem/Git work.
2313:`agentwrap.MemoryRunStore` is suitable for isolated tests only. Sprint 35 production paths require an UltraPlan durable operational store correlated with agentwrap records. The selected storage mechanism is a reasoning output; filesystem files are not mandated if they cannot satisfy the required atomicity, concurrency, replay, and recovery contracts.
2327:- Ensure no goroutine leaks in tests.
2409:## 23. Testing Requirements
2411:### 23.1 Unit Tests
2443:### 23.2 Fixture Tests
2466:### 23.3 Fake Runtime Tests
2468:Fake runtime tests should use agentwrap-compatible fakes. If the public agentwrap package does not expose a reusable fake, UltraPlan should define local test fakes that implement `agentwrap.Runtime` and `agentwrap.Run`.
2479:- Delayed events for concurrency tests.
2484:### 23.4 Integration Tests
2486:Gated integration tests may require:
2492:These tests must be opt-in and skipped by default unless required environment variables are present.
===ARCH===
43:Avoid this as the default shape:
323:smoke scope, prerequisites, suite/test progress, linked harness evidence, issues, verdict, reruns, and smoke.md preview
369:The final design must reason explicitly about a dedicated product module versus package-owned repositories coordinated through `app`; filesystem journal versus SQLite or another local store; one coordinator versus fenced multi-process writers; worker cancellation versus adoption after owner loss; and same-host versus shared-filesystem multi-host guarantees. Whichever choices are selected must satisfy the same public lifecycle, replay, security, migration, and fault-injection contracts.
467:Embedded prompt/template default registry and override resolution
468:Opt-in default materialization
477:  -> embedded binary default
480:`init-workspace` must not export prompt or template files. `ultraplan defaults install` is the explicit operation for materializing editable copies. A workspace without `prompts/` or `templates/` remains complete and operational, and embedded Phase 3 defaults are updated in the sprint that implements the corresponding stage.
576:validateStudy(...)
588:Interfaces should appear at external or volatile boundaries, not everywhere by default.
594:Filesystem persistence where tests need fakes
610:The behavior is tested through the public CLI or module surface.
614:Do not reject current-sprint code only because it lacks a port or registrar. Reject it when a concrete dependency crosses a volatile boundary, hides side effects, makes tests require private mutation, or couples product modules in a way this document does not allow.
621:Stable public JSON/release: canonical structured error payloads, stable machine-readable error codes, scenario tests, documented compatibility, and migration/rejection behavior for durable formats.
716:Filesystem and any later SQLite adapters must pass shared contract suites. Persistence selection occurs once at composition, one authority is active at a time, and migration/import/export is explicit. Source repositories, Git operations, code search, builds/tests, and agent execution workspaces remain real filesystems. No silent dual writes or synchronization precede an explicit authority decision.
[0m
[0m$ [0msed -n '2405,2520p' /home/antonioborgerees/coding/ultraplan/gauntlet-run/ultraplan-workspace/projects/ultraplan-go/docs/TRD.md
- Permission policy metadata must be persisted from `RunMetadata.Permissions`.
- Permission events must appear in logs/status where relevant.
- Path-level permission rules must respect agentwrap OpenCode adapter limitations: unsupported required path rules fail before launch unless best-effort behavior is configured.

## 23. Testing Requirements

### 23.1 Unit Tests

Required unit coverage:

- Workspace discovery.
- Path normalization.
- Config loading and precedence.
- Study YAML parsing.
- Dimension generation.
- Source and dimension resolution.
- Markdown source discovery.
- Markdown frontmatter parsing.
- Markdown frontmatter stripping.
- Applicable dimension normalization and filtering.
- Prompt composition.
- State transitions.
- Backoff calculation.
- Error classification and mapping from `agentwrap.SDKError`.
- Report validation.
- Rating parsing.
- Code citation parsing.
- Code reference resolution.
- Summary generation.
- Project catalog validation.
- Sprint planning artifact validation.
- Agentwrap `RunRequest` construction for analysis, synthesis, and planning artifact generation tasks.
- Agentwrap wrapper composition.
- Permission policy construction.
- HTTP route and method mapping, request validation, safe error projection, confirmation binding/expiry, and template model construction.
- SSE event encoding, bounded buffering, slow-subscriber behavior, cursor replay/gaps, reconnect behavior, durable-run lookup, and cancellation routing.
- Run envelope validation, lifecycle transitions, monotonic sequence allocation, lease renewal/expiry, fencing, terminal arbitration, retention/compaction, redaction-before-append, tombstones, and migration.

### 23.2 Fixture Tests

Fixtures required:

- Minimal valid study.
- Study with missing source.
- Study with ambiguous dimension reference.
- Study with directory sources and Markdown document sources.
- Markdown document source with `applicable_dimensions`.
- Markdown document source with malformed frontmatter.
- Valid per-source report.
- Invalid per-source report.
- Valid final report.
- Invalid final report.
- Code citations with single lines, ranges, lists, missing files, and source-prefixed paths.
- OpenCode structured event stream.
- Malformed runtime event stream.
- Rate limit event or diagnostic.
- Timeout fixture through fake runtime.
- Agentwrap event records for lifecycle, validation, retry, fallback, permission, and cleanup.
- Durable run records for active, stalled, interrupted, cleanup-uncertain, terminal, migrated, tombstoned, compacted, corrupt/torn, and unsupported-version cases.
- Event journals with duplicate delivery, missing cursors, explicit retention gaps, redacted payloads, and terminal races.

### 23.3 Fake Runtime Tests

Fake runtime tests should use agentwrap-compatible fakes. If the public agentwrap package does not expose a reusable fake, UltraPlan should define local test fakes that implement `agentwrap.Runtime` and `agentwrap.Run`.

Fake runtime must support:

- Successful run that writes expected artifact.
- Successful runtime exit without artifact.
- Runtime failure.
- Timeout.
- Cancellation.
- Malformed events.
- Rate limit.
- Delayed events for concurrency tests.
- Validation failure and repair paths through `agentwrap.ValidatingRuntime`.
- Retry and fallback paths through `agentwrap.PolicyRunner`.
- Observability records through `agentwrap.ObservingRuntime`.

### 23.4 Integration Tests

Gated integration tests may require:

- OpenCode installed.
- Provider/model configured.
- Network access if runtime requires it.

These tests must be opt-in and skipped by default unless required environment variables are present.

OpenCode integration tests must go through `agentwrap/opencode`, not direct process invocation.

Local web integration tests must use `httptest` with real app use cases over temporary workspaces and fake runtime/process dependencies. Browser-level tests must cover read-only navigation, guarded confirmation, live progress, cancellation, refresh/reconnect recovery, hostile artifact content, and CLI/TUI/web state agreement without requiring a live provider.

Sprint 35 cross-process tests must cover two concurrent CLI-started runs visible from the browser top bar, a run observed through a second supported local server, session expiry, observing-server restart, retained replay followed by new live events, owner crash at every commit boundary, stale lease, PID reuse, fencing of stale writers, duplicate cancellation, cancellation/completion races, slow subscribers, cursor expiry, compaction, disk-full/permission failure, corrupted/torn records, schema migration, and a redacted support bundle. The test harness must distinguish observer restart from worker-owner restart and assert the selected topology contract explicitly.

### 23.5 Golden Tests

Golden tests should cover:

- Generated dimension Markdown.
- Generated study README.
- Directory source prompt composition.
- Markdown document source prompt composition with stripped frontmatter.
- Summary CSV.
- Code extraction output.
- Project catalog output.
- Sprint planning artifacts through `plan.md`.
- Sprint review Markdown with contract, handbook, plan, evidence, finding, and verdict sections.
- Sprint smoke Markdown with selected scope, run ID, result, evidence links, issues, and verdict.
- Review/smoke/status JSON envelopes.

Golden updates must be explicit.

## 24. Build and Release Requirements

### 24.1 Build
[0m
[0m$ [0mcd /home/antonioborgerees/coding/ultraplan/gauntlet-run/ultraplan-go && grep -rn -i "backoff\|PolicyRunner\|ValidatingRuntime\|ObservingRuntime\|MemoryRunStore" --include="*.go" . | head -20; echo ===; grep -n "func Test" internal/platform/runtime/opencode_test.go internal/platform/runtime/runtime_test.go internal/platform/runtime/cache_test.go
./internal/platform/runtime/opencode.go:34:		Backoff:              agentwrap.ExponentialBackoff{Initial: time.Second, Factor: 2, Max: 30 * time.Second},
./internal/platform/runtime/opencode.go:53:	stack := agentwrap.ObservingRuntime{
./internal/platform/runtime/opencode.go:54:		Runtime: agentwrap.ValidatingRuntime{
./internal/platform/runtime/opencode.go:55:			Runtime: agentwrap.PolicyRunner{
===
internal/platform/runtime/opencode_test.go:23:func TestRequestVariantRuntimeRoutesStageVariant(t *testing.T) {
internal/platform/runtime/opencode_test.go:50:func TestRequestVariantRuntimeUsesBaseCapabilities(t *testing.T) {
internal/platform/runtime/runtime_test.go:13:func TestAdapterStartRunMapsEventsUsageAndError(t *testing.T) {
internal/platform/runtime/runtime_test.go:50:func TestAdapterPreservesSDKErrorClassification(t *testing.T) {
internal/platform/runtime/runtime_test.go:67:func TestAdapterBoundsSDKErrorAndPolicyDiagnostics(t *testing.T) {
internal/platform/runtime/runtime_test.go:103:func TestAdapterRedactsSDKErrorDetails(t *testing.T) {
internal/platform/runtime/runtime_test.go:134:func TestAdapterMapsSanitizedAttemptErrorDetail(t *testing.T) {
internal/platform/runtime/runtime_test.go:151:func TestAdapterMapsAllCanonicalEventKinds(t *testing.T) {
internal/platform/runtime/runtime_test.go:191:func TestAdapterMapsCancellationAndTimeoutFailures(t *testing.T) {
internal/platform/runtime/runtime_test.go:225:func TestAdapterMapsMalformedEventFailureSafely(t *testing.T) {
internal/platform/runtime/runtime_test.go:253:func TestAdapterRetainsOnlyRecentRuntimeEvents(t *testing.T) {
internal/platform/runtime/runtime_test.go:290:func TestAdapterBoundsMappedEventPayloads(t *testing.T) {
internal/platform/runtime/runtime_test.go:335:func TestAdapterPreservesBoundedTerminalOutputApartFromMappedEvents(t *testing.T) {
internal/platform/runtime/runtime_test.go:360:func TestAdapterMapsPolicyRetryFallbackAndValidationMetadata(t *testing.T) {
internal/platform/runtime/runtime_test.go:444:func TestPermissionPathRulesMapToAdapterPolicy(t *testing.T) {
internal/platform/runtime/runtime_test.go:457:func TestHealthAndCapabilityNameValidation(t *testing.T) {
internal/platform/runtime/runtime_test.go:472:func TestStartRunCancelsUnderlyingRunWhenContextCancelled(t *testing.T) {
internal/platform/runtime/cache_test.go:5:func TestAgentwrapRequestReceivesCohortScopedCacheMetadata(t *testing.T) {
[0m
[0m→ [0mRead /home/antonioborgerees/coding/ultraplan/gauntlet-run/ultraplan-go/internal/platform/runtime/opencode.go
[0m
[0m$ [0mcd /home/antonioborgerees/coding/ultraplan/gauntlet-run/ultraplan-go && grep -rn "executionShouldRetry\|defaultRuntimeRetryDelay\|NewOpenCode" --include="*_test.go" . ; echo ===; grep -rn "retryAfterFromAgent" internal/study/*.go | head
===
internal/study/run_loop.go:709:		if retryAfter := retryAfterFromAgent(t.Agent); retryAfter != nil {
internal/study/runtime_metadata.go:171:func retryAfterFromAgent(meta AgentMetadata) *time.Time {
[0m
[0m→ [0mRead /home/antonioborgerees/coding/ultraplan/gauntlet-run/ultraplan-go/internal/study/runtime_metadata.go
[0m→ [0mRead /home/antonioborgerees/coding/ultraplan/gauntlet-run/ultraplan-go/internal/app/run_control_inventory_test.go
